key,0,2,8
#,Name,Name{NoArticle},
offset,0,4,8
int32,str,str,str
0,,,
1,,,
2,,,
3,,,
4,,,
5,,,
6,,,
7,,,
8,,,
9,,,
10,,,
11,,,
12,,,
13,,,
14,,,
15,,,
16,,,
17,,,
18,ギルドリーヴ,,
19,,,
20,ハイデリン,,
21,エオルゼア,,
22,ラノシア,,
23,黒衣森,,
24,ザナラーン,,
25,クルザス,,
26,モードゥナ,,
27,リムサ・ロミンサ,,
28,リムサ・ロミンサ：上甲板層,,
29,リムサ・ロミンサ：下甲板層,,
30,中央ラノシア,,
31,低地ラノシア,,
32,東ラノシア,,
33,西ラノシア,,
34,高地ラノシア,,
35,サスタシャ浸食洞,,
36,ブレイフロクスの野営地,,
37,ワンダラーパレス,,
38,,,
39,グリダニア,,
40,ウルダハ：ナル回廊,,
41,ウルダハ：ザル回廊,,
42,西ザナラーン,,
43,中央ザナラーン,,
44,東ザナラーン,,
45,南ザナラーン,,
46,北ザナラーン,,
47,カッターズクライ,,
48,カッパーベル銅山,,
49,ハラタリ修練所,,
50,カルン埋没寺院,,
51,ウルダハ,,
52,グリダニア：新市街,,
53,グリダニア：旧市街,,
54,黒衣森：中央森林,,
55,黒衣森：東部森林,,
56,黒衣森：南部森林,,
57,黒衣森：北部森林,,
58,タムタラの墓所,,
59,ハウケタ御用邸,,
60,,,
61,トトラクの千獄,,
62,イシュガルド,,
63,クルザス中央高地,,
64,ゼーメル要塞,,
65,オーラムヴェイル,,
66,東方地域,,
67,モードゥナ,,
68,翡翠湖畔,,
69,グリーンティア択伐地,,
70,ベントブランチ,,
71,スカンポの安息所,,
72,枯骨の森,,
73,ハニーヤード,,
74,ナインアイビー,,
75,茨の森,,
76,ラークスコール,,
77,シルフ領,,
78,アッパーパス,,
79,ロウアーパス,,
80,蛇殻林,,
81,沈黙の花壇,,
82,ウルズの恵み,,
83,ひそひそ木立,,
84,ピースガーデン,,
85,アルダースプリングス,,
86,プラウドクリーク,,
87,青狢門,,
88,白狼門,,
89,ギルバート監視哨,,
90,バノック練兵所,,
91,ガビノー親方の小屋,,
92,裸岩の丘,,
93,ウォーレン牢獄,,
94,ベントブランチ牧場,,
95,ガルヴァンス監視哨,,
96,地神の忘却,,
97,タムタラの墓所,,
98,鏡池桟橋,,
99,睡蓮岩,,
100,境樹,,
101,エバーシェイド,,
102,ハウケタ御用邸,,
103,早贄台,,
104,芽吹の池,,
105,鱗紋岩,,
106,スプリガンの巣窟,,
107,ホウソーン家の山塞,,
108,境樹,,
109,,,
110,アマリセ監視哨,,
111,カストルム・オリエンス,,
112,十二神大聖堂,,
113,シルフの仮宿,,
114,ムーンスポア・グローブ,,
115,ゆりかごの大樹,,
116,金葉台,,
117,ハンギングバーブ,,
118,バスカロン監視所跡,,
119,酒房「バスカロンドラザーズ」,,
120,トトラクの千獄,,
121,イソム・ハーの穴蔵,,
122,主なき庵室,,
123,キャンプ・トランキル,,
124,,,
125,古アムダプール市街,,
126,根渡り沼,,
127,サウスシュラウド・ランディング,,
128,古城アムダプール,,
129,クォーリーミル,,
130,レッドベリー砦,,
131,ゴブリン族の野営地,,
132,朽葉の吹溜り,,
133,ウルズの泉,,
134,,,
135,黄蛇門,,
136,ツリースピーク厩舎,,
137,エ・タッタ監視哨,,
138,境樹,,
139,ハーストミル,,
140,フォールゴウド,,
141,浮かぶコルク亭,,
142,フロランテル監視哨,,
143,山師の岩窟,,
144,ゲルモラ遺跡,,
145,イクサル軍伐採所,,
146,ユージニア監視哨,,
147,初心者の館,,
148,,,
149,,,
150,,,
151,旅館「とまり木」,,
152,エオルゼア地下空間,,
153,モルディオン監獄,,
154,ザ・フォールド,,
155,花蜜桟橋,,
156,西の葉脈,,
157,東の葉脈,,
158,ジョスラン監視哨,,
159,フルフラワー養蜂場,,
160,精霊の幼木,,
161,ゼファードリフト,,
162,サマーフォード,,
163,スリーマルム・ベンド,,
164,モラビー湾,,
165,シダーウッド,,
166,ゴッズグリップ,,
167,ブラッドショア,,
168,レインキャッチャー樹林,,
169,アジェレス旧街道,,
170,クォーターストーン,,
171,スカルバレー,,
172,ハーフストーン,,
173,幻影諸島,,
174,オークウッド,,
175,ロングクライム,,
176,アイアンレイク,,
177,ブロンズレイク,,
178,ゼルマ渓谷,,
179,ゼファー陸門,,
180,ガラディオン湾,,
181,デネベール街道,,
182,ローグ川,,
183,ラザグラン関門,,
184,サマーフォード庄,,
185,シーソング石窟,,
186,アジェレス川,,
187,クックポット,,
188,開拓者の納屋,,
189,デセント断崖,,
190,スカイリフト,,
191,デネベール関門,,
192,ささやきの谷,,
193,ニーム川,,
194,フォアマスト,,
195,迷子橋,,
196,眼鏡岩,,
197,モーニングウィドー,,
198,テンペスト陸門,,
199,オシュオン大橋,,
200,レッドルースター農場,,
201,グレイフリート風車群,,
202,ブラインドアイアン坑道,,
203,ラザグラン街道,,
204,見捨てられた廃屋,,
205,白鴎塔,,
206,コスタ・デル・ソル,,
207,アジェレス川,,
208,船着場,,
209,ガーロックの棲処,,
210,船着場：隠れ滝,,
211,隠れ滝,,
212,ブレイフロクスの野営地,,
213,切られた革紐亭,,
214,レッドマンティス滝,,
215,船着場：レインキャッチャー,,
216,ワインポート,,
217,カストルム・オクシデンス,,
218,スウィフトパーチ入植地,,
219,ドードー営巣地,,
220,ブルワーズ灯台,,
221,デネベール街道,,
222,サスタシャ浸食洞,,
223,エールポート,,
224,キャンプ・スカルバレー,,
225,エールグヘームルの墓,,
226,北防波壁,,
227,南防波壁,,
228,船の墓場,,
229,常夏の島,,
230,シリウス大灯台,,
231,メメルン交易商店,,
232,プアメイドミル,,
233,サラオスの亡骸,,
234,愚か者の滝,,
235,隠者の庵,,
236,ニーム浮遊遺跡,,
237,キャンプ・オーバールック,,
238,ウ・ガマロ武装鉱山,,
239,キャンプ・ブロンズレイク,,
240,ワンダラーパレス,,
241,ジジルン交易商店,,
242,コボルド軍試掘地,,
243,金槌台地,,
244,ホライズン・エッジ,,
245,足跡の谷,,
246,ウエストウインド岬,,
247,刺抜盆地,,
248,ブラックブラッシュ,,
249,クラッチ狭間,,
250,ドライボーン,,
251,サンドゲート,,
252,ウェルウィック新林,,
253,バーニングウォール,,
254,ブロークンウォーター,,
255,ザンラク,,
256,レッドラビリンス,,
257,サゴリー砂漠,,
258,ブルーフォグ,,
259,ラウバーン緩衝地,,
260,カストルム・メリディアヌム,,
261,ササモの八十階段,,
262,ビーコンヒル灯台,,
263,スコーピオン交易所,,
264,ノフィカの井戸,,
265,一号杭打塔,,
266,シルバーバザー,,
267,カッパーベル銅山,,
268,サンライズ門,,
269,サンセット門,,
270,アラグ陽道,,
271,ホライズン,,
272,クレセントコーヴ,,
273,物言わぬ王,,
274,ベスパーベイ,,
275,ムーンドリップ洞窟,,
276,パラタの墓所,,
277,帝国軍前哨基地,,
278,ストーンズスロー貧民窟,,
279,フェスカ冒険者キャンプ,,
280,姉妹丘,,
281,スートクリーク,,
282,王立ナナモ菜園,,
283,ウルダハ操車庫,,
284,アラグ星道,,
285,フェスカ展望台,,
286,ササガン大王樹,,
287,サゴリー関所,,
288,アラグ陽道,,
289,酒房「コッファー＆コフィン」,,
290,ブラックブラッシュ停留所,,
291,シラディハ遺跡,,
292,ネズミの巣,,
293,ヘルズブルード洞穴,,
294,ロストホープ流民街,,
295,狼煙の丘,,
296,ナナワ銀山,,
297,アンホーリーエアー,,
298,キヴロン別宅跡,,
299,アラグ陽道,,
300,キャンプ・ドライボーン,,
301,見えざる都,,
302,聖アダマ・ランダマ教会,,
303,錐峰ヶ原,,
304,ゴールドバザー,,
305,ハラタリ修練所,,
306,アマルジャ軍陣屋,,
307,ハイブリッジ,,
308,ユグラム川,,
309,ザルの祠,,
310,バーガンディ滝,,
311,最後の祈祷,,
312,カルン埋没寺院,,
313,リトルアラミゴ,,
314,リザードクリーク,,
315,放浪者の埋葬地,,
316,焼かれし者の里,,
317,ゴーストレイク,,
318,ザンラク脇本陣,,
319,ザンラク祭場,,
320,ザハラク戦陣,,
321,ナルの祠,,
322,ミノタウロスマルム,,
323,忘れられたオアシス,,
324,ビエルゴズ・ストライク,,
325,キャンプ・ブルーフォグ,,
326,東方監視塔,,
327,西方監視塔,,
328,アマジナ霊銀山跡,,
329,ダラガブの爪,,
330,青燐泉,,
331,青燐精製所,,
332,前門,,
333,カストルム・メリディアヌム,,
334,錐峰ヶ原,,
335,魔列車停車場,,
336,飛空戦艦発着場,,
337,モラビー造船廠,,
338,ソルトストランド,,
339,キャンドルキープ埠頭,,
340,エンプティハート,,
341,オシュオン灯台,,
342,青燐採水場,,
343,ハウケタ御用邸：1F,,
344,ハウケタ御用邸：2F,,
345,ハウケタ御用邸：B1F,,
346,神勇隊司令室,,
347,不語仙の座卓,,
348,再生の根株,,
349,カステッルム・マリヌム,,
350,外地ラノシア,,
351,アドミラルブリッジ：提督室,,
352,リムサ・ロミンサ会議部屋,,
353,リムサ・ロミンサ演説部屋,,
354,銀冑団総長室,,
355,香煙の間,,
356,砂の家,,
357,炎帝祭跡,,
358,ウルヴズジェイル係船場,,
359,オ・ゴモロ火口神殿,,
360,茨の園,,
361,ハウリングアイ石塔群,,
362,海蛇の巣穴,,
363,サプサ産卵地,,
364,サハギン軍陣営,,
365,船隠しの港,,
366,ウォームワイン・サナトリウム,,
367,,,
368,船着場：エールポート,,
369,,,
370,波止場：クレセントコーヴ,,
371,波止場：シルバーバザー,,
372,B2F,,
373,ザル回廊,,
374,暁の間,,
375,二号杭打塔,,
376,三号杭打塔,,
377,カッターズクライ,,
378,エーテライト・プラザ,,
379,次元の狭間：迎賓室,,
380,ドラゴンヘッド,,
381,神意の地,,
382,巨石の丘,,
383,ホワイトブリム,,
384,ハルドラス騎道,,
385,アドネール占星台,,
386,グリフィン大橋,,
387,アートボルグ砦群,,
388,キャンプ・ドラゴンヘッド,,
389,ウィッチドロップ,,
390,スチールヴィジル,,
391,悪鬼の胃袋,,
392,聖ダナフェンの落涙,,
393,ナタラン入植地,,
394,オーラムヴェイル,,
395,七谺,,
396,秘石の塔,,
397,ハルオーネの射目,,
398,聖ダナフェンの旅程,,
399,ゼーメル要塞,,
400,大審門,,
401,ストーンヴィジル,,
402,ホワイトブリム前哨地,,
403,ベヒーモスの縄張り,,
404,スノークローク大氷壁,,
405,剣ヶ峰,,
406,雲廊,,
407,雲海,,
408,白狼門（中央森林西方面）,,
409,迷霧湿原,,
410,銀泪湖北岸,,
411,レヴナンツトール,,
412,崩壊したキャンプ,,
413,タングル湿林,,
414,早霜峠,,
415,カストルム・セントリ,,
416,聖コイナク財団の調査地,,
417,唄う裂谷,,
418,黙約の塔,,
419,エバーシェイド<hex:02100103>[長老の木],,
420,クリスタルタワー,,
421,銀泪湖,,
422,ブレイブハート号,,
423,対戦受付,,
424,船着場：ウルヴズジェイル,,
425,ミスト・ヴィレッジ,,
426,ラベンダーベッド,,
427,ゴブレットビュート,,
428,閲兵場,,
429,ヴィア・プラエトリア,,
430,魔導城プラエトリウム,,
431,廃棄物処分場,,
432,ヴィア・プリンシパリス,,
433,第V閉鎖区,,
434,中央交差路,,
435,魔列車停留場,,
436,アーマメンタリウム,,
437,飛空艇発着場,,
438,青燐水汲上場,,
439,ダンスタン監視哨,,
440,魔導城プラエトリウム,,
441,最上層,,
442,管理層,,
443,防御層,,
444,主要層,,
445,基部層,,
446,工房層,,
447,飛空艇プラットフォーム,,
448,対空防御区,,
449,魔導アーマー駐機庫,,
450,外縁通路,,
451,軍団長室,,
452,基部中枢区,,
453,斜行リフト,,
454,スカエウァ研究室,,
455,魔導工房区,,
456,工房リフト,,
457,ポルタ・デクマーナ,,
458,魔導兵器認証室,,
459,ハウリングアイ外縁,,
460,船着場：モラビー造船廠,,
461,船着場：幻影諸島,,
462,ロータノ海,,
463,ラグナロク級拘束艦,,
464,メテオ探査坑浅部,,
465,メテオ探査坑深部,,
466,ラグナロク級拘束艦,,
467,稼働隔壁,,
468,中枢区画,,
469,第一艦橋,,
470,案内人：ナルの祠,,
471,案内人：ミノタウロスマルム,,
472,砂の家,,
473,案内人：白狼門,,
474,軍団兵員区,,
475,船着場：鏡池桟橋,,
476,船着場：ラベンダーベッド,,
477,ポルタ・デクマーナ,,
478,古代の民の迷宮,,
479,古代の民の迷宮階層1,,
480,古代の民の迷宮階層2,,
481,石の家,,
482,灰の陣営,,
483,カッパーベル銅山 (Hard),,
484,ハウケタ御用邸 (Hard),,
485,下層1,,
486,下層2,,
487,下層3,,
488,中層1,,
489,中層2,,
490,中層3,,
491,上層,,
492,山スポット25,,
493,シルクスの塔,,
494,サスタシャ浸食洞 (Hard),,
495,ワンダラーパレス (Hard),,
496,シールロック,,
497,アバラシア,,
498,ドラヴァニア,,
499,シリウス大灯台 (Hard),,
500,リムサ・ロミンサ市街,,
501,ウルヴズジェイル,,
502,ラノシア,,
503,ゴールドソーサー,,
504,ウルダハ市街,,
505,ザナラーン,,
506,グリダニア市街,,
507,黒衣森,,
508,クルザス,,
509,モードゥナ,,
510,アバラシア,,
511,ドラヴァニア,,
512,イシュガルド市街,,
513,クガネ市街,,
514,ギラバニア,,
515,オサード,,
516,クリスタリウム市街,,
517,ユールモア市街,,
518,ノルヴラント,,
519,,,
520,懺悔の回廊,,
521,寛容の回廊,,
522,愚者の広間,,
523,裸者の広間,,
524,審問の間,,
525,断罪の間,,
526,贖罪の回廊,,
527,告解の間,,
528,出入口,,
529,潮騒のオシュフォーンの独房,,
530,鈍物ベルガンドの独房,,
531,十本指のタタビの独房,,
532,沼人ユーキルの独房,,
533,レディ・ダーランドルの独房,,
534,出入口,,
535,若木の祭壇,,
536,名も無き墓,,
537,絶対王ガルヴァンスの墓,,
538,イニク家の墓,,
539,大木の祭壇,,
540,メナ家の墓,,
541,古木の祭壇,,
542,石橋,,
543,幽寂の円環,,
544,壺室,,
545,カーラインカフェ,,
546,冒険者ギルド,,
547,カーラインカフェ<hex:02100103>[冒険者ギルド],,
548,旅館「とまり木」,,
549,グリダニア・ランディング,,
550,ミスタル連橋,,
551,水車四辻,,
552,青狢門,,
553,古樫の高堂,,
554,木工師ギルド,,
555,古樫の高堂<hex:02100103>[木工師ギルド],,
556,フィガガ大水車,,
557,どんぐり遊園,,
558,ベルラン連橋,,
559,白狼門,,
560,朱獺門,,
561,神勇隊司令砦,,
562,弓術士ギルド,,
563,神勇隊司令砦<hex:02100103>[弓術士ギルド],,
564,黒檀商店街,,
565,紫檀商店街,,
566,木陰の東屋,,
567,アトリエ「フェン・イル」,,
568,革細工師ギルド,,
569,工芸「フェン・イル」,,
570,鬼哭隊屯所,,
571,槍術士ギルド,,
572,鬼哭隊屯所<hex:02100103>[槍術士ギルド],,
573,武具屋「セントールアイ」,,
574,玄猪門,,
575,アプカル滝,,
576,碩老樹瞑想窟,,
577,幻術士ギルド,,
578,碩老樹瞑想窟<hex:02100103>[幻術士ギルド],,
579,豊穣神祭壇,,
580,ミィ・ケット野外音楽堂,,
581,グレートローム農場,,
582,園芸師ギルド,,
583,グレートローム農場<hex:02100103>[園芸師ギルド],,
584,口笛粉屋,,
585,紅茶川,,
586,囁きの渓谷,,
587,翡翠湖,,
588,ハートストリーム,,
589,ムントゥイ醸造庫,,
590,エーテライト・プラザ,,
591,双蛇党：統合司令部,,
592,東桟橋<hex:02100103>黒衣森：東部森林,,
593,チョコボ留,,
594,アトリエ「フェン・イル」<hex:02100103>[革細工師ギルド],,
595,東桟橋,,
596,先には進めないようだ,,
597,青狢門（中央森林東方面）,,
598,黄蛇門（北部森林方面）,,
599,1F,,
600,2F,,
601,B1F,,
602,エントランス,,
603,食料庫,,
604,紅薔薇の間,,
605,倉庫,,
606,音楽室,,
607,書庫,,
608,白百合の間,,
609,黄撫子の間,,
610,ワイン藏,,
611,被疑者の間,,
612,拷問の間,,
613,ナル大門,,
614,不滅隊：作戦本部,,
615,クイックサンド,,
616,クイックサンド<hex:02100103>[冒険者ギルド],,
617,宿屋「砂時計亭」,,
618,プラチナミラージュ,,
619,格闘士ギルド,,
620,プラチナミラージュ<hex:02100103>[格闘士ギルド],,
621,エメラルドアベニュー,,
622,コロセウム,,
623,剣術士ギルド,,
624,コロセウム<hex:02100103>[剣術士ギルド],,
625,武具店「ルディウス」,,
626,ナナモ新門,,
627,アルダネス聖櫃堂,,
628,エラリグ墓地,,
629,呪術士ギルド,,
630,アルダネス聖櫃堂<hex:02100103>[呪術士ギルド],,
631,宝飾店「エシュテム」,,
632,エシュテム直営工房,,
633,彫金師ギルド,,
634,エシュテム直営工房<hex:02100103>[彫金師ギルド],,
635,アマジナ鉱山社,,
636,採掘師ギルド,,
637,アマジナ鉱山社<hex:02100103>[採掘師ギルド],,
638,オニキスレーン,,
639,ゴールドコート,,
640,ルビーロード国際市場,,
641,ウェルヘッドリフト,,
642,織物「サンシルク」,,
643,裁縫師ギルド,,
644,織物「サンシルク」<hex:02100103>[裁縫師ギルド],,
645,ザル大門,,
646,サファイアアベニュー国際市場,,
647,パールレーン,,
648,ミルバネス礼拝堂,,
649,フロンデール薬学院,,
650,錬金術師ギルド,,
651,フロンデール薬学院<hex:02100103>[錬金術師ギルド],,
652,フロンデール歩廊,,
653,ロイヤル・プロムナード,,
654,ウルダハ・ランディング,,
655,宿り木の扉,,
656,浸食洞,,
657,霧髭のアジト,,
658,霧髭入江,,
659,浸食洞,,
660,叫びの池,,
661,行き止り,,
662,クァールのねぐら,,
663,第一舷梯門,,
664,漕ぎ手室,,
665,出入口,,
666,航海士室,,
667,甲板員室,,
668,船長室,,
669,懲罰房,,
670,第二舷梯門,,
671,海人門,,
672,隠れ桟橋,,
673,Ａ１坑道,,
674,Ｂ１坑道,,
675,Ｂ４坑道,,
676,再開発区Ｅ１坑道,,
677,再開発区Ｅ２坑道,,
678,人喰いの淵,,
679,喚きの立坑,,
680,嘆きの立坑,,
681,巌窟王の玉座,,
682,未開の茂み,,
683,ブレイフロクスの避難地,,
684,泥濘の水源地,,
685,ブレイフロクスの野営地,,
686,ブレイフロクスの監視小屋,,
687,避難地の前庭,,
688,避難地の裏庭,,
689,野営地の前庭,,
690,竜のねぐら,,
691,野営地の内門,,
692,拳闘の間,,
693,剣闘の間,,
694,獣闘の間,,
695,フロンデール薬学院小児病棟,,
696,,,
697,,,
698,政庁層,,
699,,,
700,上甲板層,,
701,下甲板層,,
702,アスタリシア号,,
703,コーラルタワー<hex:02100103>[斧術士ギルド],,
704,コーラルタワー,,
705,銃術士ギルド,,
706,メルヴァン税関公社,,
707,メルヴァン税関公社<hex:02100103>[巴術士ギルド],,
708,レストラン「ビスマルク」,,
709,レストラン「ビスマルク」<hex:02100103>[調理師ギルド],,
710,ナルディク＆ヴィメリー社,,
711,ナルディク＆ヴィメリー社<hex:02100103>[鍛冶師ギルド]<hex:02100103>[甲冑師ギルド],,
712,巴術士ギルド,,
713,網倉,,
714,網倉<hex:02100103>[漁師ギルド],,
715,溺れた海豚亭,,
716,溺れた海豚亭<hex:02100103>[冒険者ギルド],,
717,魚商｢ハイアライン｣,,
718,薬舗｢セブンスセージ｣,,
719,永遠の乙女亭,,
720,調理師ギルド,,
721,ミズンマスト,,
722,アドミラルブリッジ,,
723,アドミラルブリッジ：作戦指揮所,,
724,アドミラルブリッジ：作戦会議室,,
725,リムサ・ロミンサ・ランディング,,
726,チョコボ留,,
727,ポラリス灯台,,
728,フェリードック,,
729,養殖場,,
730,競売所,,
731,クロウズリフト,,
732,ブルワークホール,,
733,宿屋「ミズンマスト」,,
734,漁師ギルド,,
735,ゼファー陸門,,
736,テンペスト陸門,,
737,アフトカースル,,
738,エーテライト・プラザ,,
739,八分儀広場,,
740,,,
741,アンカーヤード,,
742,鰺刺大橋,,
743,国際街広場,,
744,東国際街商通り,,
745,西国際街商通り,,
746,ランプレイ橋廊,,
747,ミノウ橋廊,,
748,中央管区,,
749,北管区,,
750,船長区,,
751,南管区,,
752,水兵区,,
753,商業区,,
754,船着場：リムサ・ロミンサ,,
755,黒渦団：軍令部,,
756,黄撫子の扉,,
757,閉ざされた扉,,
758,閉ざされた扉,,
759,避難地の主門,,
760,避難地の内門,,
761,避難地の裏門,,
762,野営地の主門,,
763,船長室の扉,,
764,冒険者ギルド前（鍛冶師・甲冑師ギルド/黒渦団）,,
765,調理師ギルド前（レストラン「ビスマルク」）,,
766,斧術士ギルド前（コーラルタワー）,,
767,マーケット（国際街広場）,,
768,漁師ギルド前（双剣士ギルド）,,
769,巴術士ギルド前（フェリードック）,,
770,ゼファー陸門（中央ラノシア方面）,,
771,テンペスト陸門（低地ラノシア方面）,,
772,冒険者ギルド前,,
773,呪術士ギルド前,,
774,剣術士ギルド前（コロセウム）,,
775,採掘師ギルド前（ブルースカイ）,,
776,錬金術師ギルド前,,
777,裁縫師ギルド前,,
778,ウルダハ王政庁,,
779,ナナモ新門（西ザナラーン方面）,,
780,ナル大門（中央ザナラーン北方面）,,
781,ザル大門（中央ザナラーン南方面）,,
782,弓術士ギルド前,,
783,マーケット（革細工師ギルド前）,,
784,槍術士ギルド前,,
785,幻術士ギルド前,,
786,園芸師ギルド前,,
787,ミィ・ケット野外音楽堂,,
788,彫金師ギルド前,,
789,サイレントガーデン,,
790,ロングホール,,
791,旅人の桟橋,,
792,水上庭園,,
793,無限回廊,,
794,旅人の安息所,,
795,ワンダラーチャントリー,,
796,金地金の沼,,
797,無銭の洞窟,,
798,黄水湖,,
799,守衛の罠,,
800,守衛の詰所,,
801,金庫の扉,,
802,徴税人の金庫,,
803,守銭奴の住処,,
804,守銭奴の蔵,,
805,門兵詰所,,
806,チョコボ房,,
807,虎口,,
808,大広間,,
809,龍息の瀧,,
810,衛兵食房,,
811,衛兵宿房,,
812,聖ダナフェン礼拝堂,,
813,練兵広場,,
814,太陽のテラス,,
815,タタメフII世の祈祷所,,
816,ララフトI世の中庭,,
817,ララフトIV世の地下神殿,,
818,武力の間,,
819,巨富の間,,
820,魔力の間,,
821,知恵の間,,
822,ララフトIII世の中庭,,
823,審理の間,,
824,メメト女王の祈祷所,,
825,太陽神アーゼマの間,,
826,祈祷所の扉,,
827,閉ざされた扉,,
828,閉ざされた扉,,
829,閉ざされた扉,,
830,閉ざされた門扉,,
831,閉ざされた扉,,
832,地下神殿の扉,,
833,武力の扉,,
834,巨富の扉,,
835,魔力の扉,,
836,知恵の扉,,
837,審理の扉,,
838,渇水の層,,
839,湧水の層,,
840,青燐水の層,,
841,飽食の前室,,
842,沈殿せし中室,,
843,大喰王の玄室,,
844,埋門,,
845,大手門,,
846,応門,,
847,食房の扉,,
848,魔導フィールドⅣ,,
849,1F,,
850,B1F,,
851,ウルヴズピット,,
852,ファングケージ,,
853,クロウケージ,,
854,遺跡入口,,
855,埋没遺跡,,
856,地下遺跡,,
857,大十字の広間,,
858,腐汁の迷宮,,
859,異界の迷宮,,
860,煉獄の迷宮,,
861,昇天の歩廊,,
862,死者の浴室,,
863,入口（仮）,,
864,愚者の浴室,,
865,腐王の廟堂,,
866,嘆声の歩廊,,
867,妖王の廟堂,,
868,焦熱の歩廊,,
869,獣王の廟堂,,
870,不浄の大広間,,
871,惨劇の翼廊,,
872,裏切りの謁見室,,
873,1F,,
874,2F,,
875,3F,,
876,悲憤の前庭,,
877,バービガン,,
878,右翼ブレテーシュ,,
879,補助格納庫,,
880,騎兵詰所,,
881,左翼ブレテーシュ,,
882,勇将の廟堂,,
883,亡者の浴室,,
884,被疑者の間の扉,,
885,拷問の間の扉,,
886,探査拠点区,,
887,メテオの風穴,,
888,メテオの探査坑,,
889,アラグの遺構,,
890,第Iブレード,,
891,探査坑深部,,
892,第VII区画,,
893,第IV区画,,
894,第II区画,,
895,第I区画,,
896,第III区画,,
897,第V区画,,
898,第VI区画,,
899,機関部燃焼室,,
900,機関部圧縮室,,
901,機関部推進剤室,,
902,稼働隔壁,,
903,バハムートの右手,,
904,第一艦橋,,
905,リフト区画,,
906,第XIIブレード,,
907,第XIブレード,,
908,第Xブレード,,
909,第IXブレード,,
910,第VIIIブレード,,
911,第VIIブレード,,
912,第VIブレード,,
913,第Vブレード,,
914,第IVブレード,,
915,第IIIブレード,,
916,第IIブレード,,
917,防衛指揮室,,
918,ザ・フォールド,,
919,拘束艦,,
920,ヘキサリフト,,
921,拘束艦稼働隔壁,,
922,要塞外郭,,
923,要塞主郭,,
924,機関部燃焼室,,
925,機関部圧縮室,,
926,機関部推進剤室,,
927,シリウス大灯台,,
928,第二塔基部,,
929,エーテル貯蔵室,,
930,エーテル圧縮室,,
931,シリウスの灯室,,
932,第三塔基部,,
933,第四塔基部,,
934,エーテルポンプ室,,
935,5F,,
936,4F,,
937,3F,,
938,2F,,
939,1F,,
940,B1F,,
941,クリスタルゲート,,
942,八剣士の前庭,,
943,セブンスヘブン,,
944,第789洞穴団の採掘地,,
945,ノォヴの育成地,,
946,月影島,,
947,洋上の商船,,
948,洋上の海賊船,,
949,海還りの墓碑,,
950,未知の釣り場,,
951,葉脈水系,,
952,鏡池,,
953,青翠の奈落,,
954,さざなみ小川,,
955,シルフランド渓谷,,
956,ハズーバ支流：上流,,
957,ハズーバ支流：中流,,
958,ハズーバ支流：下流,,
959,ハズーバ支流：東,,
960,ゴブリン族の生簀,,
961,さざめき川,,
962,フォールゴウド秋瓜湖畔,,
963,タホトトル湖畔,,
964,グリダニア：翡翠湖畔,,
965,グリダニア：紅茶川水系下流,,
966,タングル湿林源流,,
967,唄う裂谷北部,,
968,クルザス川,,
969,剣ヶ峰山麓,,
970,キャンプ・ドラゴンヘッド溜池,,
971,調査隊の氷穴,,
972,イシュガルド大雲海,,
973,ゼファードリフト沿岸,,
974,サマーフォード沿岸,,
975,西アジェレス川,,
976,モラビー湾西岸,,
977,シダーウッド沿岸部,,
978,南ブラッドショア,,
979,北ブラッドショア,,
980,東アジェレス川,,
981,レインキャッチャー沼沢地,,
982,スカルバレー沿岸部,,
983,ハーフストーン沿岸部,,
984,幻影諸島北岸,,
985,幻影諸島南岸,,
986,ブロンズレイク南岸,,
987,ブロンズレイク北東岸,,
988,ブロンズレイク・シャロー,,
989,ロングクライム渓谷,,
990,スートクリーク上流,,
991,スートクリーク下流,,
992,ドライボーン北湧水地,,
993,ドライボーン南湧水地,,
994,バーガンディ川,,
995,ザハラクの湧水,,
996,サゴリー砂海,,
997,サゴリー砂丘,,
998,ブルーフォグ湧水地,,
999,グリダニア：紅茶川水系上流,,
1000,グリダニア：囁きの渓谷,,
1001,ロータノ海沖合：船首,,
1002,ロータノ海沖合：船尾,,
1003,クルザス不凍池,,
1004,クリアプール,,
1005,ベーンプール南,,
1006,ベーンプール西,,
1007,モーン大岩窟西,,
1008,サリャク河上流,,
1009,サリャク河中州,,
1010,ソーム・アル笠雲,,
1011,廃液溜まり,,
1012,ブロンズレイク北西岸,,
1013,常夏の島北,,
1014,ティモン川,,
1015,夜の森,,
1016,流星の尾,,
1017,ベロジナ川,,
1018,ミラージュクリーク,,
1019,夫婦池,,
1020,スロウウォッシュ,,
1021,ヒース滝,,
1022,裁定者の像,,
1023,ブルズバス,,
1024,アラギリ水源地,,
1025,アームズ・オブ・ミード,,
1026,ロッホ・セル湖,,
1027,紅玉台場近海,,
1028,獄之蓋近海,,
1029,ベッコウ島近海,,
1030,沖之岩近海,,
1031,オノコロ島近海,,
1032,イサリ村沿岸,,
1033,ゼッキ島近海,,
1034,アオサギ池,,
1035,アオサギ川,,
1036,ナマイ村溜池,,
1037,ドマ城前,,
1038,城下船場,,
1039,無二江東,,
1040,無二江西,,
1041,梅泉郷,,
1042,七彩溝,,
1043,七彩渓谷,,
1044,ドタール・カー,,
1045,アジム・カート,,
1046,ネム・カール,,
1047,タオ・カール,,
1048,ヤト・カール下流,,
1049,ヤト・カール上流,,
1050,監獄廃墟 トトラクの千獄,,
1051,地下霊殿 タムタラの墓所,,
1052,封鎖坑道 カッパーベル銅山,,
1053,天然要害 サスタシャ浸食洞,,
1054,霧中行軍 オーラムヴェイル,,
1055,名門屋敷 ハウケタ御用邸,,
1056,魔獣領域 ハラタリ修練所,,
1057,奪還支援 ブレイフロクスの野営地,,
1058,遺跡探索 カルン埋没寺院,,
1059,旅神聖域 ワンダラーパレス,,
1060,城塞攻略 ストーンヴィジル,,
1061,流砂迷宮 カッターズクライ,,
1062,掃討作戦 ゼーメル要塞,,
1063,邪教排撃 古城アムダプール,,
1064,怪鳥巨塔 シリウス大灯台,,
1065,騒乱坑道 カッパーベル銅山 (Hard),,
1066,妖異屋敷 ハウケタ御用邸 (Hard),,
1067,盟友支援 ブレイフロクスの野営地 (Hard),,
1068,剣闘領域 ハラタリ修練所 (Hard),,
1069,腐敗遺跡 古アムダプール市街,,
1070,,,
1071,,,
1072,,,
1073,,,
1074,,,
1075,,,
1076,,,
1077,,,
1078,,,
1079,,,
1080,,,
1081,,,
1082,,,
1083,,,
1084,,,
1085,,,
1086,,,
1087,,,
1088,,,
1089,,,
1090,,,
1091,,,
1092,,,
1093,,,
1094,,,
1095,,,
1096,,,
1097,,,
1098,,,
1099,,,
1100,ミスト・ヴィレッジ：コテージ,,
1101,ミスト・ヴィレッジ：ハウス,,
1102,ミスト・ヴィレッジ：レジデンス,,
1103,ゴブレットビュート：コテージ,,
1104,ゴブレットビュート：ハウス,,
1105,ゴブレットビュート：レジデンス,,
1106,ラベンダーベッド：コテージ,,
1107,ラベンダーベッド：ハウス,,
1108,ラベンダーベッド：レジデンス,,
1109,1F,,
1110,2F,,
1111,B1F,,
1112,1F,,
1113,2F,,
1114,B1F,,
1115,1,,
1116,2,,
1117,3,,
1118,4,,
1119,5,,
1120,6,,
1121,7,,
1122,8,,
1123,9,,
1124,10,,
1125,11,,
1126,12,,
1127,13,,
1128,14,,
1129,15,,
1130,16,,
1131,17,,
1132,18,,
1133,19,,
1134,20,,
1135,21,,
1136,22,,
1137,23,,
1138,24,,
1139,25,,
1140,26,,
1141,27,,
1142,28,,
1143,29,,
1144,30,,
1145,ハウス（フリーカンパニー）,,
1146,ハウジング関連担当官,,
1147,1F,,
1148,B1F,,
1149,船着場：ミスト・ヴィレッジ,,
1150,ミスト・ヴィレッジ東,,
1151,ラベンダーベッド東,,
1152,ゴブレットビュート北,,
1153,ゴブレットビュート南東,,
1154,案内人：ゴブレットビュート,,
1155,ミスト・ヴィレッジ南,,
1156,ミスト・ヴィレッジ南（船着場）,,
1157,ミスト・ヴィレッジ：プライベートルーム,,
1158,ゴブレットビュート：プライベートルーム,,
1159,ラベンダーベッド：プライベートルーム,,
1160,ハウス（個人）,,
1161,ミスト・ヴィレッジ,,
1162,[拡張街]ミスト・ヴィレッジ,,
1163,ゴブレットビュート,,
1164,[拡張街]ゴブレットビュート,,
1165,ラベンダーベッド,,
1166,[拡張街]ラベンダーベッド,,
1167,[拡張街]ミストビーチ,,
1168,[拡張街]ミストゲート・スクエア,,
1169,[拡張街]メルウィブ水道橋,,
1170,[拡張街]シーゲイズ商通り,,
1171,[拡張街]ミスト・ヴィレッジ北東,,
1172,[拡張街]ミスト・ヴィレッジ南東,,
1173,[拡張街]ミスト・ヴィレッジ中央,,
1174,[拡張街]ミスト・ヴィレッジ北西（船着場）,,
1175,[拡張街]ミスト・ヴィレッジ南西,,
1176,[拡張街]シーゲイズ商通り（居住区担当官）,,
1177,[拡張街]センナの大樹,,
1178,[拡張街]樹冠商店街,,
1179,[拡張街]鎮守の石門,,
1180,[拡張街]若草商店街,,
1181,[拡張街]ラベンダーベッド北東,,
1182,[拡張街]ラベンダーベッド南,,
1183,[拡張街]ラベンダーベッド北西,,
1184,[拡張街]ラベンダーベッド南西,,
1185,[拡張街]ヤイヌ・パーの円庭,,
1186,[拡張街]紫水桟橋,,
1187,[拡張街]樹冠商店街（居住区担当官）,,
1188,[拡張街]エンドレスドラフト,,
1189,[拡張街]ゴブレット市場,,
1190,[拡張街]ブリミングハート広場,,
1191,[拡張街]ナナモ大風車,,
1192,[拡張街]ラウバーンの腕,,
1193,[拡張街]ゴブレットビュート東,,
1194,[拡張街]ゴブレットビュート北,,
1195,[拡張街]ゴブレットビュート南東,,
1196,[拡張街]ゴブレットビュート南,,
1197,[拡張街]ゴブレットビュート南西,,
1198,[拡張街]ゴブレット市場（居住区担当官）,,
1199,[拡張街]船着場：ミスト・ヴィレッジ,,
1200,ミストゲート・スクエア,,
1201,メルウィブ水道橋,,
1202,シーゲイズ商通り,,
1203,ミストビーチ,,
1204,ミスト・ヴィレッジ北西,,
1205,ミスト・ヴィレッジ北東,,
1206,シーゲイズ商通り（居住区担当官）,,
1207,ミスト・ヴィレッジ南東,,
1208,ゴブレット市場,,
1209,エンドレスドラフト,,
1210,ブリミングハート広場,,
1211,ナナモ大風車,,
1212,ラウバーンの腕,,
1213,ゴブレット市場（居住区担当官）,,
1214,ゴブレットビュート北東,,
1215,ゴブレットビュート西,,
1216,ゴブレットビュート東,,
1217,樹冠商店街,,
1218,センナの大樹,,
1219,鎮守の石門,,
1220,若草商店街,,
1221,ヤイヌ・パーの円庭,,
1222,紫水桟橋,,
1223,ラベンダーベッド北西,,
1224,ラベンダーベッド南東,,
1225,ラベンダーベッド南西,,
1226,樹冠商店街（居住区担当官）,,
1227,ミスト・ヴィレッジ：地下工房,,
1228,ゴブレットビュート：地下工房,,
1229,ラベンダーベッド：地下工房,,
1230,エーテライト,,
1231,都市転送網,,
1232,ショップ,,
1233,修理,,
1234,モグレター,,
1235,呼び鈴,,
1236,リテイナー手続き,,
1237,リンクシェル発行,,
1238,カンパニーチェスト,,
1239,呼び鈴（宿屋内）,,
1240,ベッド（宿屋内）,,
1241,訪問帳,,
1242,簡易エーテライト,,
1243,ダンジョン,,
1244,船着場,,
1245,フェリードック,,
1246,発着場,,
1247,拠点/集落,,
1248,宿屋,,
1249,冒険者ギルド,,
1250,上の階層へ移動,,
1251,下の階層へ移動,,
1252,隣接エリアへ移動,,
1253,蛮族拠点：アマルジャ族,,
1254,蛮族拠点：シルフ族,,
1255,蛮族拠点：イクサル族,,
1256,蛮族拠点：サハギン族,,
1257,蛮族拠点：コボルド族,,
1258,剣術士ギルド,,
1259,格闘士ギルド,,
1260,斧術士ギルド,,
1261,槍術士ギルド,,
1262,弓術士ギルド,,
1263,幻術士ギルド,,
1264,呪術士ギルド,,
1265,巴術士ギルド,,
1266,木工師ギルド,,
1267,鍛冶師ギルド,,
1268,甲冑師ギルド,,
1269,彫金師ギルド,,
1270,革細工師ギルド,,
1271,裁縫師ギルド,,
1272,錬金術師ギルド,,
1273,調理師ギルド,,
1274,採掘師ギルド,,
1275,園芸師ギルド,,
1276,漁師ギルド,,
1277,黒渦団：軍令部,,
1278,双蛇党：統合司令部,,
1279,不滅隊：作戦本部,,
1280,ハウジング関連担当官,,
1281,マーケットボード,,
1282,デュエルエリア,,
1283,レイド,,
1284,黒渦団ランディング,,
1285,双蛇党ランディング,,
1286,不滅隊ランディング,,
1287,モブハントボード,,
1288,天気予報士,,
1289,双剣士ギルド,,
1290,ゴールドソーサースタッフ,,
1291,聖ガンリオル占星院 ,,
1292,スカイスチール機工房 ,,
1293,ポーター,,
1294,別エリアへ移動,,
1295,マイスター認定,,
1296,マテリア師,,
1297,クロの空想帳,,
1298,お得意様取引,,
1299,トレーダー,,
1300,コンテンツ内エーテライト,,
1301,メテオの陰地,,
1302,バインディングコイル,,
1303,ラグナロク級三番艦：艦体中央部,,
1304,ラグナロク級三番艦：作戦室,,
1305,ラグナロク級三番艦：第一艦橋,,
1306,拓かれた山道,,
1307,石兵の血道,,
1308,傷跡の門戸,,
1309,培養器運搬アーム,,
1310,生体管理区,,
1311,生体転送区,,
1312,破壊された外部隔壁,,
1313,上甲板,,
1314,主甲板,,
1315,下甲板,,
1316,左舷第XIV区画,,
1317,右舷第XIII区画,,
1318,左舷第XII区画,,
1319,右舷第XI区画,,
1320,左舷第X区画,,
1321,右舷第IX区画,,
1322,中枢第VIII区画,,
1323,中枢第VII区画,,
1324,左舷第VI区画,,
1325,右舷第V区画,,
1326,左舷第IV区画,,
1327,右舷第III区画,,
1328,左舷第II区画,,
1329,右舷第I区画,,
1330,中枢艦首区,,
1331,蛮闘の間,,
1332,剣闘士のホール,,
1333,ハラタリ修練所 (Hard),,
1334,対リヴァイアサン双胴船,,
1335,腐敗した市街地,,
1336,封魔洞,,
1337,第一大橋脚,,
1338,第二大橋脚,,
1339,水源地の抜道,,
1340,侵入者の仮設橋,,
1341,ブレイフロクスの芥場,,
1342,侵入者の野営陣,,
1343,腐敗の大路,,
1344,平和の残滓,,
1345,白魔道士の塔,,
1346,夢想宮,,
1347,封魔洞,,
1348,悪夢の舞踏場,,
1349,仮設の関門,,
1350,暁の間,,
1351,ブレイフロクスの野営地 (Hard),,
1352,案内人：ザル回廊,,
1353,培養層,,
1354,管理層,,
1355,主格納庫,,
1356,至天の階段,,
1357,群狼の広間,,
1358,螺旋回廊,,
1359,守護者の闘技場,,
1360,黄金回廊,,
1361,帝立歌劇場,,
1362,始皇帝の玉座,,
1363,古木の神判地,,
1364,双蛇党ランディング,,
1365,不滅隊ランディング,,
1366,黒渦団ランディング,,
1367,双蛇党アウトポスト,,
1368,不滅隊アウトポスト,,
1369,黒渦団アウトポスト,,
1370,アラグ市場跡,,
1371,アラグ太陽神殿,,
1372,アラグ居住区跡,,
1373,ヘリオドロム防衛塔,,
1374,カルテノー平原：外縁遺跡群,,
1375,タムタラの墓所 (Hard),,
1376,ストーンヴィジル (Hard),,
1377,ハルブレーカー・アイル,,
1378,霧髭一味のアジト,,
1379,霧髭の宝物庫,,
1380,旗艦「ハール号」,,
1381,生存者の海岸,,
1382,小ホール,,
1383,エーテライト・プラザ（格闘士ギルド/不滅隊）,,
1384,エーテライト・プラザ（冒険者・木工師ギルド/双蛇党）,,
1385,エカトル実験場,,
1386,呻きの池,,
1387,潮の抜け道,,
1388,占拠されたアジト,,
1389,隠れ桟橋,,
1390,戒律の殻,,
1391,久遠の聖堂,,
1392,ロウェナ記念会館,,
1393,工房「ダイヤモンドフォージ」,,
1394,異端の隧道,,
1395,静かなる氷洞,,
1396,風雪の断崖,,
1397,異端の潜窟,,
1398,氷柱の円庭,,
1399,アク・アファー円形劇場,,
1400,仮設牢獄,,
1401,排水管理室,,
1402,,,
1403,カルン埋没寺院 (Hard),,
1404,ララフトIV世の地下庭園,,
1405,ララフトI世の中庭,,
1406,ラグナロク級六番艦：艦体中央部,,
1407,ラグナロク級六番艦：再生制御区,,
1408,ラグナロク級六番艦：第一艦橋,,
1409,バハムートコア,,
1410,ラグナロク級四番艦：第一艦橋,,
1411,生体管理区画,,
1412,第VII生体区画,,
1413,第IX生体区画,,
1414,第XII生体区画,,
1415,精神接続区画,,
1416,第I信徒区画,,
1417,生体転送区,,
1418,再生制御区外殻,,
1419,再生制御区内殻,,
1420,一番艦管制区画,,
1421,八番艦管制区画,,
1422,九番艦管制区画,,
1423,四番艦管制区画,,
1424,二番艦管制区画,,
1425,バインディングコイル制御区画,,
1426,コア制御区画,,
1427,エーデルワイス商会,,
1428,船着場の平屋,,
1429,応接室,,
1430,地下,,
1431,闇の世界,,
1432,ケルベロスの胃袋,,
1433,妖眼の領域,,
1434,妖竜の領域,,
1435,妖犬の領域,,
1436,暗闇の領域,,
1437,ケルベロスの胃袋,,
1438,闇の渚,,
1439,眼の島,,
1440,妖眼の展望台,,
1441,首の島,,
1442,妖竜の狩場,,
1443,口の島,,
1444,妖犬の門扉,,
1445,闇の転送装置,,
1446,暗闇の殻,,
1447,古城アムダプール (Hard),,
1448,悲憤の前庭,,
1449,苦渋の広間,,
1450,厄災の十字廊,,
1451,流血の演舞場,,
1452,洋上の大型船,,
1453,エーデルワイス商会<hex:02100103>[双剣士ギルド],,
1454,31,,
1455,32,,
1456,33,,
1457,34,,
1458,35,,
1459,36,,
1460,37,,
1461,38,,
1462,39,,
1463,40,,
1464,41,,
1465,42,,
1466,43,,
1467,44,,
1468,45,,
1469,46,,
1470,47,,
1471,48,,
1472,49,,
1473,50,,
1474,51,,
1475,52,,
1476,53,,
1477,54,,
1478,55,,
1479,56,,
1480,57,,
1481,58,,
1482,59,,
1483,60,,
1484,ゴールドソーサー,,
1485,エントランススクウェア,,
1486,エーテライト・プラザ,,
1487,カードスクウェア,,
1488,ワンダースクウェア,,
1489,ラウンドスクウェア,,
1490,イベントスクウェア,,
1491,ゴールドソーサー・ランディング,,
1492,メインカウンター,,
1493,チョコボリフト,,
1494,ジャボテンダー,,
1495,マウント・コレル,,
1496,イベントステージ,,
1497,くじテンダーボード,,
1498,テーブル・マンダヴィル,,
1499,ラウンジ・マンダヴィル,,
1500,チョコボスクウェア,,
1501,チョコボレースカウンター,,
1502,チョコボリフト,,
1503,崩れた構造体,,
1504,帝国軍仮設作業場,,
1505,浮行ガス充填区,,
1506,幻龍の背,,
1507,黙約の広間,,
1508,（仮）第１障壁,,
1509,（仮）第2障壁,,
1510,対竜バリスタ：フラヴィアン,,
1511,（仮）第3障壁,,
1512,対竜バリスタ：シルヴトレル,,
1513,（仮）第4障壁,,
1514,対竜バリスタ：ハルドラス,,
1515,聖徒門,,
1516,（仮）防衛橋エリア名,,
1517,エーテライト・プラザ,,
1518,エントランススクウェア（カードスクウェア）,,
1519,ワンダースクウェア東（ドマ式麻雀）,,
1520,ワンダースクウェア西,,
1521,イベントスクウェア,,
1522,くじテンダーボード,,
1523,ラウンドスクウェア,,
1524,チョコボスクウェア,,
1525,低層,,
1526,中層,,
1527,高層,,
1528,1F,,
1529,3F,,
1530,B1F,,
1531,外郭中庭,,
1532,騎兵詰所,,
1533,キープ内部,,
1534,閲兵ホール,,
1535,作戦会議室,,
1536,聖ガンリオル礼拝堂,,
1537,キープ外壁,,
1538,ゴール,,
1539,飛び石の島,,
1540,木々揺れる参道,,
1541,水巡る社庭,,
1542,吹き荒れる随神島,,
1543,風惑う拝殿,,
1544,雲産みの社,,
1545,博物戦艦総合デッキ,,
1546,歴史展示デッキ,,
1547,兵器展示デッキ,,
1548,博物戦艦防衛デッキ,,
1549,第III展示区,,
1550,特級キメラ培養室,,
1551,バイオレット管制区,,
1552,クリムゾン管制区,,
1553,エメラルド管制区,,
1554,現実拡張室,,
1555,艦首構造群,,
1556,左舷構造群,,
1557,右舷構造群,,
1558,礼拝堂身廊,,
1559,礼拝堂側廊,,
1560,庁内庭園,,
1561,氷天宮,,
1562,教皇庁の身廊,,
1563,聖トールダン大聖堂,,
1564,礼拝堂の昇降室,,
1565,庭園東の昇降室,,
1566,庭園西の昇降室,,
1567,氷天宮の昇降室,,
1568,氷天宮円堂,,
1569,,,
1570,聖歌隊席,,
1571,庭園の小ホール,,
1572,氷天宮礼拝堂,,
1573,エアリー・エクステリア,,
1574,エアリー・インテリア,,
1575,エアリー・エイペックス,,
1576,艦体構造群,,
1577,アク・ファール・ライ,,
1578,ミニオンスクウェア,,
1579,第66号前線培養室,,
1580,テン・ウール,,
1581,エルン・スコール,,
1582,ニーズヘッグ・アン,,
1583,ブロークンリンク,,
1584,サーペントスロート,,
1585,シールロック・ランディング,,
1586,ロンデファイル浸食谷,,
1587,スワローテイル海岸,,
1588,先遣隊の発掘場,,
1589,メインゲート,,
1590,機械兵器研究棟,,
1591,物資運搬路,,
1592,物資分配場,,
1593,生体兵器研究棟,,
1594,特殊警戒通路,,
1595,三闘神制御区,,
1596,ニューロリンク,,
1597,スフィア・オブ・マーヴィン,,
1598,試作機実験庫,,
1599,評価試験場,,
1600,第VII培養層,,
1601,第VIII培養層,,
1602,ニューロリンク・ナセル,,
1603,機械兵器研究棟,,
1604,生体兵器研究棟,,
1605,三闘神制御区,,
1606,南の斜面,,
1607,霊峰の血管,,
1608,不義の山道,,
1609,碧の崖,,
1610,紅の墓,,
1611,蒼の墓,,
1612,霊峰の傷,,
1613,ヘス・アファー,,
1614,ソーム・アル：不義の山道,,
1615,ソーム・アル：霊峰の血管,,
1616,ソーム・アル：南の斜面,,
1617,黙想閲覧室,,
1618,幻想書庫,,
1619,奇想談話室,,
1620,エーテル学研究室,,
1621,博物学研究室,,
1622,夢想禁書庫,,
1623,魔書の翼廊,,
1624,占星学研究室,,
1625,狂想禁書庫,,
1626,昇降機,,
1627,昇降機,,
1628,フィスト・オブ・ゴルディオス,,
1629,第583整備坑道,,
1630,第262蒸気機関室,,
1631,第44機工兵格納庫,,
1632,第8大型格納庫,,
1633,カフ・オブ・ゴルディオス,,
1634,第542整備坑道,,
1635,第541整備坑道,,
1636,第539整備坑道,,
1637,第12大型格納庫,,
1638,アーム・オブ・ゴルディオス,,
1639,第523整備坑道,,
1640,ストラテゲイオン1階,,
1641,ストラテゲイオン2階,,
1642,ストラテゲイオン3階,,
1643,ストラテゲイオン4階,,
1644,第9大型復水器,,
1645,バーデン・オブ・ゴルディオス,,
1646,チョコボスクウェア（ミニオンスクウェア）,,
1647,ディアデム諸島,,
1648,カフ上層,,
1649,カフ下層,,
1650,エーテライト・プラザ,,
1651,忘れられた騎士亭前（聖バルロアイアン広場）,,
1652,スカイスチール機工房前（聖レネット広場）,,
1653,雲霧街,,
1654,聖ガンリオル占星院前（イシュガルド・ランディング）,,
1655,マーケット（宝杖通り）,,
1656,聖レマノー大聖堂（聖アンダリム神学院）,,
1657,神聖裁判所,,
1658,ラストヴィジル（フォルタン伯爵邸）,,
1659,聖徒門（クルザス中央高地方面）,,
1660,かいはつしつ,,
1661,なおきのへや,,
1662,おんがくしつ,,
1663,LoVMカウンター,,
1664,ウルヴズジェイル演習場,,
1665,カードバトルルーム,,
1666,アレキサンダー結節点,,
1667,ゴルディオス・ノット,,
1668,4F　5F,,
1669,3F,,
1670,2F,,
1671,1F,,
1672,熱帯展示室,,
1673,乾燥帯展示室,,
1674,聖モシャーヌの研究窟,,
1675,密林の小道,,
1676,揺れる蓮池,,
1677,腐臭の庭,,
1678,女王蜂の玉座,,
1679,芳香の食卓,,
1680,エーテライト・プラザ,,
1681,イディルシャイア西,,
1682,表紙門（低地ドラヴァニア西方面）,,
1683,裏表紙門（低地ドラヴァニア東方面）,,
1684,コボルド軍地下坑道,,
1685,1F,,
1686,B1F,,
1687,腐敗した市街地,,
1688,翼獣の縄張,,
1689,魔晶堂,,
1690,守護の聖域,,
1691,星の渚,,
1692,最上下層,,
1693,最下上層,,
1694,賢者の研究室,,
1695,隠者の娯楽室,,
1696,空中魔法陣,,
1697,浮遊舞踏場,,
1698,星海展望室,,
1699,クロウケージ,,
1700,ファングケージ,,
1701,腐敗した市街地,,
1702,封魔洞,,
1703,魔晶堂,,
1704,古アムダプール市街 (Hard),,
1705,悲嘆の前庭,,
1706,静寂の宮殿,,
1707,悔恨の正殿,,
1708,フィスト・オブ・ミダース,,
1709,第721整備坑道,,
1710,第334蒸気機関室,,
1711,ゴブリサイエンス研究室,,
1712,第726整備坑道,,
1713,超最先端実験室,,
1714,カフ・オブ・ミダース,,
1715,カフ前部,,
1716,カフ後部,,
1717,第763整備坑道,,
1718,第66機工兵格納庫,,
1719,第67機工兵格納庫,,
1720,第68機工兵格納庫,,
1721,第69機工兵格納庫,,
1722,第70機工兵格納庫,,
1723,アーム・オブ・ミダース,,
1724,左上腕部,,
1725,科学都市,,
1726,第796整備坑道,,
1727,第5機関塔,,
1728,科学都市外縁,,
1729,アレキサンダー科学都市,,
1730,公開処刑広場,,
1731,バーデン・オブ・ミダース,,
1732,ミダース・ノット,,
1733,キャンプ・グローリー,,
1734,アウルネスト跡,,
1735,ダークスケール湖畔,,
1736,グローリー発掘地,,
1737,アラガントームリスS1号基,,
1738,アラガントームリスS2号基,,
1739,アラガントームリスS3号基,,
1740,フィールド・オブ・グローリー,,
1741,ハルブレーカー・アイル (Hard),,
1742,禁忌都市マハ,,
1743,ヤフェーム湿地,,
1744,マハ都市遺跡,,
1745,ピラミッド基部層,,
1746,ピラミッド上部層,,
1747,圧縮世界,,
1748,ピラミッド最上層,,
1749,不浄の湿地,,
1750,湿地の細道,,
1751,マハ市街地,,
1752,ピラミッド陸橋,,
1753,基幹通路,,
1754,警備通路,,
1755,大怪球の参道,,
1756,圧縮世界,,
1757,上昇通路,,
1758,[拡張街]船着場：ラベンダーベッド,,
1759,大迷宮バハムート,,
1760,蜘蛛女の狩場,,
1761,クェーサル公園,,
1762,シャトト記念広場,,
1763,神託の祭壇,,
1764,操魔の関門,,
1765,オズマ大回廊,,
1766,要の玄室,,
1767,哀しみの円庭,,
1768,祈りの身廊,,
1769,追憶の柱礎,,
1770,嘆きの庭園,,
1771,ラタトスクの殿堂,,
1772,軍獣訓練区画,,
1773,行軍訓練区画,,
1774,海上訓練区画,,
1775,黒渦闘技場,,
1776,宝物庫入口,,
1777,第一区画,,
1778,第二区画,,
1779,第三区画,,
1780,第四区画,,
1781,第五区画,,
1782,第六区画,,
1783,最終区画,,
1784,中層,,
1785,最上層,,
1786,大渓谷の隘路,,
1787,タパソリ営巣地,,
1788,ゼルファトル山麓,,
1789,営巣地門前,,
1790,タパソリ闘技場,,
1791,神前祭壇,,
1792,ゼルファトル,,
1793,死者の宮殿,,
1794,個人演習場,,
1795,稀覯書庫受付,,
1796,断想閲覧室,,
1797,司書長室,,
1798,思想稀覯書庫,,
1799,アクアポリス,,
1800,双蛇党兵舎,,
1801,不滅隊兵舎,,
1802,黒渦団兵舎,,
1803,パロック繋留基地,,
1804,レオファードの私室,,
1805,トップマスト,,
1806,[拡張街]トップマスト,,
1807,リリーヒルズ,,
1808,[拡張街]リリーヒルズ,,
1809,ナナモ大風車,,
1810,[拡張街]ナナモ大風車,,
1811,トップマスト：ロビー,,
1812,トップマスト：部屋,,
1813,リリーヒルズ：ロビー,,
1814,リリーヒルズ：部屋,,
1815,ナナモ大風車：ロビー,,
1816,ナナモ大風車：部屋,,
1817,001号室,,
1818,002号室,,
1819,003号室,,
1820,004号室,,
1821,005号室,,
1822,006号室,,
1823,107号室,,
1824,108号室,,
1825,106号室,,
1826,101号室,,
1827,105号室,,
1828,103号室,,
1829,104号室,,
1830,102号室,,
1831,201号室,,
1832,202号室,,
1833,館主の間,,
1834,亡霊屋敷 ホーンテッドマナー,,
1835,アイズ・オブ・アレキサンダー,,
1836,知神の水瓶,,
1837,アレキサンダー・ヘッド,,
1838,ミダース・ユニット,,
1839,頭部甲板,,
1840,再生処理室,,
1841,ブレス・オブ・アレキサンダー,,
1842,公開処刑塔,,
1843,科学都市4番街,,
1844,科学都市11番街,,
1845,公開処刑塔前,,
1846,科学的万能処刑場,,
1847,ハート・オブ・アレキサンダー,,
1848,中枢上層,,
1849,中枢下層,,
1850,コア製造ライン,,
1851,エネルギー供給ライン,,
1852,中枢大動力室,,
1853,ソウル・オブ・アレキサンダー,,
1854,過去空間,,
1855,中央管制室,,
1856,ハート・オブ・アレキサンダー,,
1857,バエサルの長城,,
1858,長城下部,,
1859,長城内部1,,
1860,長城内部2,,
1861,長城上部,,
1862,ヴィア・プラエトリア,,
1863,魔導兵器格納庫,,
1864,飛空戦艦発着場,,
1865,カストルム・オリエンス,,
1866,長城内兵器庫,,
1867,長城胸壁,,
1868,影の国ダン・スカー,,
1869,巨大飛空艇「レディ・ラドリア号」,,
1870,ダン・スカー遺跡群,,
1871,城塞内部,,
1872,城塞屋上,,
1873,未知空間,,
1874,影の鐘楼,,
1875,闇薔薇の円庭,,
1876,闇薔薇の広間,,
1877,レディ・ラドリア号主甲板,,
1878,影の商店区,,
1879,影の大通り,,
1880,道化の舞台,,
1881,女王の観閲広場,,
1882,女王の間,,
1883,観月の座,,
1884,ライケンウィード演習場,,
1885,クロウケージ,,
1886,ファングケージ,,
1887,オメガ管制室,,
1888,ソーム・アル山麓 (Hard),,
1889,ソーム・アル：霊峰の心臓,,
1890,炎獣の縄張り,,
1891,大溶岩窟,,
1892,霊峰の心臓,,
1893,シロガネ：コテージ,,
1894,シロガネ：ハウス,,
1895,シロガネ：レジデンス,,
1896,茜雲桟橋,,
1897,茜坂商店街,,
1898,白銀浜,,
1899,好文園,,
1900,隠れ浜,,
1901,白雲之湯,,
1902,茜雲桟橋(居住区担当官),,
1903,シロガネ北西,,
1904,シロガネ西,,
1905,紅梅御殿,,
1906,シロガネ北東,,
1907,シロガネ南西,,
1908,シロガネ南,,
1909,シロガネ南東,,
1910,[拡張街]茜雲桟橋,,
1911,[拡張街]茜坂商店街,,
1912,[拡張街]白銀浜,,
1913,[拡張街]好文園,,
1914,[拡張街]隠れ浜,,
1915,[拡張街]白雲之湯,,
1916,[拡張街]シロガネ北,,
1917,[拡張街]シロガネ東,,
1918,[拡張街]茜雲桟橋(居住区担当官),,
1919,[拡張街]シロガネ北東,,
1920,[拡張街]シロガネ西,,
1921,[拡張街]紅梅御殿,,
1922,[拡張街]シロガネ南西,,
1923,[拡張街]シロガネ南,,
1924,星導山寺院　　　コンテンツ名は「壊神修行 星導山寺院」,,
1925,ラールガーの肩,,
1926,星導の参道,,
1927,星導山寺院本殿,,
1928,水苔池,,
1929,陰陽苑,,
1930,導霊殿,,
1931,星導山中腹,,
1932,星導山山頂,,
1933,格納区画,,
1934,実験区画,,
1935,中枢区画,,
1936,陸戦兵器開発房,,
1937,強化実験房,,
1938,性能試験場,,
1939,蒼玉魚園,,
1940,紅玉御殿,,
1941,紫水祭殿,,
1942,春告門前,,
1943,紅潮之間,,
1944,紫水御神楽,,
1945,エーテライト・プラザ,,
1946,潮風亭前,,
1947,第一波止場,,
1948,ラザハン大使館前,,
1949,マーケット（小金通り）,,
1950,望海楼,,
1951,ウルダハ商館前,,
1952,赤誠組屯所南,,
1953,楽座街,,
1954,紅玉海方面,,
1955,エーテライト・プラザ,,
1956,ラールガーズリーチ西,,
1957,ラールガーズリーチ北東,,
1958,ギラバニア辺境地帯方面,,
1959,ギラバニア山岳地帯方面,,
1960,ミゼリー号,,
1961,亡霊の岩場,,
1962,ジェイン号,,
1963,看守長の遊技場,,
1964,棄てられた監獄島,,
1965,クラウツ大灯台,,
1966,二の丸御殿庭園,,
1967,渓泉園,,
1968,本丸御殿,,
1969,岩礁地帯,,
1970,難破船群,,
1971,天守武道館,,
1972,本丸天守,,
1973,天守能楽堂,,
1974,二の丸,,
1975,本丸,,
1976,戦士バルダムの狩場,,
1977,勇士バルダムの再誕地,,
1978,物言わぬ語り部,,
1979,若きバルダムの躍動,,
1980,驕りしバルダムの受難,,
1981,勇壮なるバルダムの栄光,,
1982,明けの試練,,
1983,暮れの試練,,
1984,勇士バルダムの偉業,,
1985,第III兵器庫,,
1986,練兵場,,
1987,赤燕の間,,
1988,二の曲輪,,
1989,一の曲輪,,
1990,ドマ城天守,,
1991,四柱大広間,,
1992,ウズネアカナル入口,,
1993,第一区画,,
1994,第二区画,,
1995,第三区画,,
1996,第四区画,,
1997,第五区画,,
1998,第六区画,,
1999,最終区画,,
2000,高地ドラヴァニア,,
2001,低地ドラヴァニア,,
2002,ドラヴァニア雲海,,
2003,チョコボの森,,
2004,スモーキングウェイスト,,
2005,グナースの塚,,
2006,アヴァロニア・フォールン,,
2007,ソーム・アル山麓,,
2008,モーン大岩窟,,
2009,シャーレアン工匠街,,
2010,シャーレアン選者街,,
2011,シャーレアン哲人街,,
2012,ソーム・アル山頂,,
2013,エイル・トーム,,
2014,ランドロード遺構,,
2015,フォーアームズ,,
2016,オール・ターン,,
2017,グリーンスウォード島,,
2018,テイルフェザー,,
2019,悲嘆の飛泉,,
2020,ウィロームリバー,,
2021,ヴァスの塚,,
2022,邪竜の彫像,,
2023,兵站穴,,
2024,武神穴,,
2025,不浄の三塔,,
2026,,,
2027,ダンナー街道,,
2028,エース・ダイ,,
2029,餌食の台地,,
2030,光輪の祭壇,,
2031,ソーム・アル,,
2032,大工房アーキテクトン,,
2033,創造の道,,
2034,聖モシャーヌ植物園,,
2035,クイックスピル・デルタ,,
2036,マトーヤの洞窟,,
2037,碩学の道,,
2038,グブラ幻想図書館,,
2039,サリャク河,,
2040,知神の水瓶,,
2041,機工城アレキサンダー,,
2042,モグモグホーム,,
2043,手紙の家,,
2044,モンステリエ,,
2045,アサー天空廊,,
2046,白亜の宮殿,,
2047,飛竜泊,,
2048,サルウーム・カシュ,,
2049,イーストン・アイ,,
2050,ドラゴンズエアリー,,
2051,聖女シヴァ像,,
2052,シャーレアン学士街,,
2053,つつやき小道,,
2054,バックブリッジ,,
2055,メアズオウス遺跡,,
2056,,,
2057,,,
2058,,,
2059,,,
2060,,,
2061,不浄の集落,,
2062,,,
2063,,,
2064,アネス・ソー,,
2065,ダガー石柱群,,
2066,セノタフ大石碑,,
2067,ショートストップ野営地,,
2068,オーン原生林,,
2069,黙想の道,,
2070,アスロン跡,,
2071,,,
2072,,,
2073,確信の道,,
2074,グブラ山,,
2075,ぼっちの木,,
2076,グロン・レイ,,
2077,いちばんの木,,
2078,サウストン・ウォール,,
2079,ウェストン・ウォーター,,
2080,ランドロード像,,
2081,武神の闘技場,,
2082,イディルシャイア,,
2083,供物穴,,
2084,表紙橋,,
2085,裏表紙橋,,
2086,セノタフ大石碑,,
2087,エーテライト・プラザ,,
2088,逆さの塔,,
2089,ストーンスカイシー,,
2090,ソール・カイ,,
2091,グブラ幻想図書館 (Hard),,
2092,スティックキクス工房,,
2093,ロウェナ総合文化会館,,
2094,自由市場,,
2095,バール・レス広場,,
2096,崖っぷち亭,,
2097,スネイル広場,,
2098,グリーングラブ菜園,,
2099,アストラガロス,,
2100,アバラシア雲海,,
2101,アジス・ラー,,
2102,クラウドトップ,,
2103,ヴール・シアンシラン,,
2104,ブンド・オク・ベンド,,
2105,ブルーウィンドウ,,
2106,ガントレット諸島,,
2107,オク・ブンド・ヴァナ,,
2108,オク・ブンド・モック,,
2109,アルファ管区,,
2110,ベータ管区,,
2111,ガンマ管区,,
2112,デルタ管区,,
2113,ハビスフィア,,
2114,アジス・ラー旗艦島,,
2115,プロテクトゥール号,,
2116,キャンプ・クラウドトップ,,
2117,ローズハウス,,
2118,オク・グンド,,
2119,渡り鳥の営巣地,,
2120,雲溜まり,,
2121,雄弁なるベンドの屋敷,,
2122,白鯨の冠,,
2123,オク・ズンド,,
2124,オク・ブンド,,
2125,舞い降りた羽根の屋敷,,
2126,クロムレック,,
2127,ヘネガの坩堝,,
2128,コールドウィンド島,,
2129,モック・ウーグル島,,
2130,ネバーリープ,,
2131,ポート・ヘリックス,,
2132,アルファ交信塔,,
2133,エーテル供給アレイ,,
2134,第II転送リング,,
2135,第III転送リング,,
2136,生体培養局,,
2137,突然変異誘発房,,
2138,第IV転送リング,,
2139,第V転送リング,,
2140,飛空戦艦グラティオン,,
2141,飛空戦艦揚陸地点,,
2142,カストルム・ソルス,,
2143,第VI転送リング,,
2144,第VII転送リング,,
2145,対偶の磔刑台,,
2146,エシュ・トーム,,
2147,魔科学研究所,,
2148,フラクタル・コンティニアム,,
2149,ニューロリンク・ナセル,,
2150,シンギュラリティ・リアクター,,
2151,群青空域,,
2152,ラストステップ,,
2153,ウィセントヘッド,,
2154,霧散の滝,,
2155,,,
2156,モローモート,,
2157,,,
2158,,,
2159,シャッタードバック,,
2160,プロヴェナンス島,,
2161,クリスタル増殖炉,,
2162,総合冷却局,,
2163,,,
2164,キメラ生成ラボ,,
2165,,,
2166,ハビスフィア管理局,,
2167,,,
2168,,,
2169,,,
2170,古代のカテドラル,,
2171,,,
2172,デルタ送水局,,
2173,パプスの大樹,,
2174,三闘神の像,,
2175,隔離実験島,,
2176,機動補給艦,,
2177,超星間交信塔,,
2178,シンギュラリティ・リアクター,,
2179,魔大陸中枢,,
2180,残骸島,,
2181,魔航船ヴォイドアーク,,
2182,船尾楼甲板,,
2183,後甲板,,
2184,左舷換気区画,,
2185,優良種保管庫,,
2186,船内魔道通路,,
2187,動力区画,,
2188,主妖異動力炉,,
2189,雲海獣の棲処,,
2190,左舷後部換気房,,
2191,左舷前部換気房,,
2192,改良種栽培室,,
2193,中央魔道通路,,
2194,動力操魔場,,
2195,女王の臥所,,
2196,上甲板,,
2197,船倉,,
2198,船首楼,,
2199,第二甲板,,
2200,クルザス西部高地,,
2201,リバーズミート,,
2202,ツインプールズ,,
2203,レッドリム,,
2204,ファルコンネスト,,
2205,クルザス川,,
2206,スウィフトラン川,,
2207,ゴルガニュ牧場,,
2208,ヘムロック,,
2209,キャンプ・リバーズミート,,
2210,ベーンプール,,
2211,アッシュプール,,
2212,臥竜島,,
2213,イエティの棲処,,
2214,ダスクヴィジル,,
2215,ハルドラス像,,
2216,金床の塔,,
2217,グレイテール滝,,
2218,異端者の坑道,,
2219,スレート連峰,,
2220,聖フィネア連隊の露営地,,
2221,ブラックアイアン・ブリッジ,,
2222,ナインスヴェアー,,
2223,ゴルガニュ牧草地,,
2224,ノーススター号,,
2225,オーカム波止場,,
2226,,,
2227,ドラゴンスピット,,
2228,ザ・ウォッチャー,,
2229,,,
2230,,,
2231,,,
2232,,,
2233,,,
2234,,,
2235,,,
2236,,,
2237,槍峡門,,
2238,遠鳴り岩,,
2239,船尾回廊,,
2240,ナッキ島,,
2241,北西空域,,
2242,北東空域,,
2243,南西空域,,
2244,南東空域,,
2245,天の王冠,,
2246,第六着陸地点,,
2247,第七着陸地点,,
2248,第八着陸地点,,
2249,第九着陸地点,,
2250,第一着陸地点,,
2251,第二着陸地点,,
2252,第三着陸地点,,
2253,第四着陸地点,,
2254,第五着陸地点,,
2255,バウンティ号の漂着地,,
2256,コンテイメントベイS1T7,,
2257,ディアデム諸島の湧水地,,
2258,ディアデム諸島の洞穴,,
2259,ディアデム諸島の南西池,,
2260,ディアデム諸島の穴場,,
2261,ディアデム諸島の北西池,,
2262,風吹き抜ける雲海,,
2263,風穏やかな雲海,,
2264,風渦巻く雲海,,
2265,コンテイメントベイP1T6,,
2266,コンテイメントベイZ1T9,,
2267,漂流遺跡,,
2268,エーテルホール,,
2269,漂流遺跡の魔導通路,,
2270,シロガネ：プライベートルーム,,
2271,シロガネ：地下工房,,
2272,紅梅御殿：ロビー,,
2273,紅梅御殿：部屋,,
2274,ランディングポイント,,
2275,ポイントII,,
2276,ポイントIII,,
2277,仮設拠点,,
2278,被検世界「デルタ」,,
2279,次元城,,
2280,次元城：地下牢獄,,
2281,次元城：王の間,,
2282,次元城：屋上,,
2283,マーケット（サファイアアベニュー国際市場）,,
2284,次元の狭間,,
2285,アンズヘルム大通り,,
2286,アラミゴ貴族街,,
2287,アラミゴ王宮中庭,,
2288,アラミゴ王宮深部,,
2289,壊神門前,,
2290,アシナ仮設実験場,,
2291,鷲獅子の間,,
2292,アラミゴ,,
2293,アラミゴ市街地,,
2294,アラミゴ王宮,,
2295,宝物殿,,
2296,超越技術研究所,,
2297,セイレーン海,,
2298,クガネ城,,
2299,美神の地下神殿,,
2300,イシュガルド：下層,,
2301,イシュガルド：上層,,
2302,聖徒門,,
2303,エーテライト・プラザ,,
2304,聖バルロアイアン広場,,
2305,聖レネット広場,,
2306,聖バルロアイアン通り,,
2307,清貧の凱旋門,,
2308,ハルオーネの慈悲,,
2309,雲霧街,,
2310,旅籠「九つの雲」,,
2311,忘れられた騎士亭,,
2312,神殿騎士団本部,,
2313,ライトフェザー闘技場,,
2314,スカイスチール機工房,,
2315,チョコボ留,,
2316,聖大厩舎,,
2317,宝杖通り,,
2318,デュランデル伯爵邸,,
2319,アインハルト伯爵邸,,
2320,フォルタン伯爵邸,,
2321,ゼーメル伯爵邸,,
2322,聖ガンリオル占星院,,
2323,イシュガルド・ランディング,,
2324,ボーレル子爵邸,,
2325,神聖裁判所,,
2326,グランド・ホプロン,,
2327,イシュガルド教皇庁,,
2328,聖レマノー大聖堂,,
2329,建国十二騎士像,,
2330,ラストヴィジル,,
2331,尊者の凱旋門,,
2332,エディン小広場,,
2333,ウェスト・コロネード,,
2334,イースト・コロネード,,
2335,神殿騎士団総長室,,
2336,決闘裁判場,,
2337,聖アンダリム神学院,,
2338,ライトフェザー闘技場,,
2339,ジャナン・カット地下祭壇,,
2340,ウズネアカナル,,
2341,シロガネ,,
2342,[拡張街]シロガネ,,
2343,凶鳥の左翼,,
2344,凶鳥の右翼,,
2345,凶鳥の背,,
2346,ファルコンベース,,
2347,サウス・ファルコンタワー,,
2348,ノース・ファルコンタワー,,
2349,レイヴンベース,,
2350,ノース・レイヴンタワー,,
2351,サウス・レイヴンタワー,,
2352,ジェネレーターベース,,
2353,クガネ・ランディング,,
2354,白帝の竹林,,
2355,ポイントIV,,
2356,ヴァレンティオンセレモニー,,
2357,被検世界「デルタ」V1.0,,
2358,被検世界「デルタ」V2.0,,
2359,被検世界「デルタ」V3.0,,
2360,被検世界「デルタ」V4.0,,
2361,ロッホ・セル鍾乳洞,,
2362,ケルピーの縄張り,,
2363,聖堂区画,,
2364,封印された門扉,,
2365,幽閉区画,,
2366,テオドリックの黄金堂,,
2367,スカラ,,
2368,浅層,,
2369,深層,,
2370,劇場艇プリマビスタ・大道具部屋,,
2371,劇場艇プリマビスタ・ブリッジ,,
2372,失われた都 ラバナスタ,,
2373,ラバナスタ廃墟,,
2374,ガラムサイズ水路,,
2375,王都ルザリア,,
2376,ダルマスカ砂漠,,
2377,崩れかけた橋,,
2378,ムスルバザー,,
2379,市街地北部,,
2380,王宮前広場,,
2381,ルザリア円庭跡,,
2382,ルザリア神殿跡,,
2383,クリスタルタワー演習場,,
2384,ファングケージ,,
2385,クロウケージ,,
2386,獄之蓋火口,,
2387,獄之蓋溶岩湖,,
2388,鬼之門,,
2389,獄之蓋溶岩洞,,
2390,獄之釜,,
2391,醴泉神社参道,,
2392,醴泉神社境内,,
2393,亀甲舞台,,
2394,フラクタル・コンティニアム (Hard),,
2395,兵器実演デッキ,,
2396,管理補修デッキ,,
2397,第VIII展示区,,
2398,起動試験室,,
2399,艦尾構造群,,
2400,ギラバニア,,
2401,オサード,,
2402,ひんがしの国,,
2403,ラールガーズリーチ,,
2404,クガネ,,
2405,？？？？,,
2406,ギラバニア辺境地帯,,
2407,ギラバニア山岳地帯,,
2408,ギラバニア湖畔地帯,,
2409,紅玉海,,
2410,ヤンサ,,
2411,アジムステップ,,
2412,シロガネ,,
2413,望海楼,,
2414,エウレカ：アネモス帯,,
2415,ポート・サーゲイト,,
2416,スクイブ浜,,
2417,ハートブレイク樹林,,
2418,オーチャード高木林,,
2419,バル川流域,,
2420,ニューヴォイド,,
2421,クラウザーの庭,,
2422,アネモス結晶脈,,
2423,奇怪の谷,,
2424,スケープ滝,,
2425,蜂蜜酒愛好会の密造所,,
2426,風の心臓,,
2427,クラウザーの観測小屋,,
2428,原初自然史院分室,,
2429,放棄された研究室,,
2430,マージ滝,,
2431,転送技術管理室,,
2432,十二神大聖堂：特別式場,,
2433,貨車,,
2434,魔列車：客車,,
2435,魔列車,,
2436,破壊された山小屋,,
2437,ガンエン廟,,
2438,無二江,,
2439,大龍山脈,,
2440,水脈之間,,
2441,地脈之間,,
2442,風脈之間,,
2443,龍脈之間,,
2444,緩流之路,,
2445,急流之路,,
2446,大龍関門,,
2447,玉聖祠,,
2448,大草原の狩場,,
2449,禁絶幻想,,
2450,カストルム・フルーミニス,,
2451,リドルアナ大瀑布,,
2452,大灯台下部,,
2453,大灯台上部,,
2454,機工都市ゴーグ,,
2455,封殺の層,,
2456,はるかなる時の庭,,
2457,至頂の旋回廊,,
2458,至頂の封域,,
2459,至天の歩廊,,
2460,異なる風吹く白き戦場,,
2461,ゴーグ・コロセウム,,
2462,エウレカ：パゴス帯,,
2463,アイスポイント,,
2464,パインコーン樹林,,
2465,フローズンレイク,,
2466,バル川中流域,,
2467,ホットウォーター,,
2468,筆先の道,,
2469,アガリックロック,,
2470,屍人の監視台,,
2471,結晶化実験洞,,
2472,地熱研究室,,
2473,レビテト研究分室,,
2474,ヴロンデットの別荘,,
2475,ウェスタンエッジ,,
2476,ミノタウロスの箱庭,,
2477,凍りついた滝,,
2478,菌床洞,,
2479,イースタンエッジ,,
2480,氷華洞,,
2481,地脈の噴出口,,
2482,氷の円形劇場,,
2483,封じられた聖塔 リドルアナ,,
2484,聖モシャーヌ植物園 (Hard),,
2485,ウズネアカナル祭殿,,
2486,真白き岩場,,
2487,ヘデテトの縄張り,,
2488,忘れられた坑道,,
2489,大砂虫の通り道,,
2490,旧ガンマ分離区,,
2491,捨て去られた遺構,,
2492,焼かれた大地,,
2493,霧の皿,,
2494,白砂の滝,,
2495,大砂虫の遺骸,,
2496,獄之底,,
2497,亡霊屋敷 ホーンテッドマナー,,
2498,ベラフディア遺跡風特設アスレチック,,
2499,クガネ大橋,,
2500,ハク・カール,,
2501,波止場全体,,
2502,ミラージュクリーク上流,,
2503,星導山寺院入口,,
2504,ラールガーズリーチ,,
2505,シロガネ,,
2506,シロガネ水路,,
2507,ドマ町人地,,
2508,,,
2509,,,
2510,蛇神大社,,
2511,紅玉台場周辺,,
2512,碧のタマミズ周辺,,
2513,スイの里周辺,,
2514,アドヴェンチャー号周辺,,
2515,紫水宮周辺,,
2516,小林丸周辺,,
2517,無二江川底南西,,
2518,無二江川底南,,
2519,高速魔導駆逐艇L‐XXIII周辺,,
2520,沈没川船周辺,,
2521,大龍瀑川底,,
2522,アジム・カート湖底西,,
2523,アジム・カート湖底東,,
2524,ロッホ・セル湖底北西,,
2525,ロッホ・セル湖底中央,,
2526,ロッホ・セル湖底南東,,
2527,ニーム浮遊遺跡風特設アスレチック,,
2528,シルフ領風特設アスレチック,,
2529,オルト・エウレカ,,
2530,エウレカ：ピューロス帯,,
2531,ノースポイント,,
2532,スノウクラッシュ,,
2533,アイスニードル北東,,
2534,アイスニードル南西,,
2535,歌う氷洞,,
2536,ピューロスの炎穴,,
2537,フレイムロック溶岩洞西,,
2538,フレイムロック溶岩洞東,,
2539,実験魔器工房,,
2540,竜星観測所,,
2541,耐熱実験場,,
2542,カーボナタイト試掘地,,
2543,サーゲイト別邸跡,,
2544,嘲りの庭,,
2545,エウレカ：ヒュダトス帯,,
2546,偏屈者の実験場,,
2547,焔の闘技場,,
2548,ブルースカイ,,
2549,魔導雀荘「マンダヴィル」,,
2550,ファッションチェック,,
2551,マギアメルダー,,
2552,義援物資置き場,,
2553,アチーブメント,,
2554,コンテンツ退出口,,
2555,旅のモーグリ,,
2556,青魔道士,,
2557,居室 (宿屋),,
2558,ミーン工芸館取引,,
2559,復興事業掲示板,,
2560,クポフォーチュン,,
2561,ソーチョーの幻想盤,,
2562,総合ショップ,,
2563,ロストボックス,,
2564,コンテンツ解説,,
2565,ナップルーム(宿屋),,
2566,無人島開拓,,
2567,,,
2568,,,
2569,,,
2570,禁断の地 エウレカ<hex:02100103>[特殊フィールド探索],,
2571,セイブ・ザ・クイーン<hex:02100103>[特殊フィールド探索],,
2572,死者の宮殿<hex:02100103>[ディープダンジョン],,
2573,アメノミハシラ<hex:02100103>[ディープダンジョン],,
2574,オルト・エウレカ<hex:02100103>[ディープダンジョン],,
2575,シラディハ水道<hex:02100103>[特殊ダンジョン探索],,
2576,,,
2577,,,
2578,,,
2579,,,
2580,,,
2581,,,
2582,,,
2583,,,
2584,,,
2585,,,
2586,ギムリトダーク,,
2587,ノース・マーシナリーベース,,
2588,サウス・マーシナリーベース,,
2589,ヒドゥンゴージ,,
2590,凶鳥の左翼,,
2591,凶鳥の右翼,,
2592,凶鳥の背,,
2593,ファルコンベース,,
2594,ノース・ファルコンタワー,,
2595,サウス・ファルコンタワー,,
2596,レイヴンベース,,
2597,ノース・レイヴンタワー,,
2598,サウス・レイヴンタワー,,
2599,ステーション,,
2600,イーストエンド混交林,,
2601,パイクフォールズ,,
2602,ストライプヒルズ,,
2603,ヴィルジャラの涸れ谷,,
2604,ラストフォレスト,,
2605,ラストロック,,
2606,ワイトロック,,
2607,マウントヨーン,,
2608,ハイバンク,,
2609,ロッホ・セル湖,,
2610,アラミガン・クォーター,,
2611,アバラシアズスカル,,
2612,バエサルの長城,,
2613,カストルム・オリエンス,,
2614,自由門,,
2615,ビターミル,,
2616,日隠し岩,,
2617,ティモン川,,
2618,オウェンの酒蔵,,
2619,レイスウォーク,,
2620,賢者の木,,
2621,夜の森,,
2622,狩人の山小屋,,
2623,カステッルム・コルヴィ,,
2624,流星の尾,,
2625,迷悟橋,,
2626,ベロジナ川,,
2627,スキズム開山堂,,
2628,悟りの円座,,
2629,ライオンズナップ,,
2630,ミラージュクリーク,,
2631,ギルケヒム僧園,,
2632,カステッルム・ベロジナ,,
2633,兄弟岩,,
2634,ピーリングストーンズ,,
2635,ウィルラ・ニリヤ,,
2636,カリヤナ・ニリヤ,,
2637,ジャナン・カット,,
2638,グディ・マガ,,
2639,サトヤ・マガ,,
2640,ヤーンの大穴,,
2641,旅立ちの回廊,,
2642,夫婦池,,
2643,バイロンズブレッド,,
2644,赤のジグラート,,
2645,赤の台所,,
2646,アラガーナ,,
2647,スロウウォッシュ,,
2648,メーソン滝,,
2649,ヒース滝,,
2650,サーストレスパス,,
2651,涙隠しの丘,,
2652,スリーピングストーンズ採石場,,
2653,裁定者の像,,
2654,修験の迷道,,
2655,レイザー連山,,
2656,モモルーンズミルク,,
2657,隊商宿グッドブレード跡,,
2658,ミリアムの幸運,,
2659,胆汁の谷,,
2660,アラギリ,,
2661,スカバードの風穴,,
2662,スペキュラ・インペラトリス,,
2663,アームズ・オブ・ミード,,
2664,ニュンクレフの箱船,,
2665,カストルム・アバニア,,
2666,ラジアタ,,
2667,アイアンロード,,
2668,ブルズバス,,
2669,コールドハース,,
2670,ポルタ・プレトリア,,
2671,ファーキン砲塔群,,
2672,リンバーレッチャー,,
2673,デミルーンの隠谷,,
2674,ソスウォッチ塔,,
2675,サリ僧院,,
2676,モンストランス,,
2677,重荷の闇,,
2678,試練の羽織,,
2679,エナデム・エイ,,
2680,ロズリト雲海,,
2681,貧者の金蔵,,
2682,スウィートウォーター,,
2683,スタックス跡,,
2684,パイヤー物見塔,,
2685,ソルトリー,,
2686,ロッホワッチ塔,,
2687,壊神ラールガー像,,
2688,聖なる礼拝台,,
2689,廃王テオドリック像,,
2690,ホワイトアイル陸橋,,
2691,アラミゴ,,
2692,女王の庭,,
2693,アラミガン・クォーター,,
2694,ギルバルド門,,
2695,王立第四兵舎,,
2696,王立第三兵舎,,
2697,コッター・トル,,
2698,エナデム・オル,,
2699,ブラッドハウ墓地,,
2700,エラントソードの墓,,
2701,霊安所,,
2702,列王の詩,,
2703,強健王マンフレッドの墓,,
2704,王の狩場,,
2705,エーテライト・プラザ,,
2706,野戦病院,,
2707,星導山寺院,,
2708,アラミゴ王立飛空艇発着場,,
2709,アラミゴ王宮屋上庭園,,
2710,壊神ラールガー像,,
2711,血嵐の訓戒,,
2712,代価の墓地,,
2713,星降りの池,,
2714,チャクラ大滝,,
2715,結晶化空間,,
2716,神話空間,,
2717,被検世界「シグマ」V1.0,,
2718,被検世界「シグマ」V2.0,,
2719,被検世界「シグマ」V3.0,,
2720,被検世界「シグマ」V4.0,,
2721,迷いの森,,
2722,屋敷の地下室,,
2723,瓦礫の塔：中層,,
2724,瓦礫の塔：最上層,,
2725,被検世界「プサイ」V1.0,,
2726,過去のカオスの神殿,,
2727,次元の狭間,,
2728,最終検証フィールド,,
2729,最終防衛ライン,,
2730,沃土の寝室,,
2731,環境制御棟,,
2732,第3浄化槽,,
2733,第2浄化槽,,
2734,第1浄化槽,,
2735,汚泥王の謁見室,,
2736,被検世界「プサイ」V2.0,,
2737,次元の狭間,,
2738,竜の星,,
2739,再現宇宙,,
2740,第一防衛ライン,,
2741,第二防衛ライン,,
2742,エオルゼア同盟軍本陣,,
2743,同盟軍塹壕,,
2744,薄汚れた広場,,
2745,飛空戦艦墜落現場,,
2746,煤だらけの荒野,,
2747,巨大爆撃痕,,
2748,灰だらけの荒野,,
2749,帝国軍仮設ランディング,,
2750,螺旋海峡,,
2751,オサード小大陸東岸,,
2752,玄水連山,,
2753,無二江流域,,
2754,七彩渓谷,,
2755,ドマ城下町,,
2756,刃の海,,
2757,オンサル・ハカイル,,
2758,風止めの大岩,,
2759,ナーマ砂漠北端,,
2760,紅玉台場,,
2761,境島,,
2762,獄之蓋,,
2763,蟹茹浜,,
2764,血のナガレ,,
2765,オニオウどん,,
2766,サカズキ島,,
2767,ベッコウ島,,
2768,ベッコウ噴泉,,
2769,碧のタマミズ,,
2770,珊瑚台,,
2771,沖之岩,,
2772,スイの里,,
2773,オノコロ島,,
2774,筋違砦,,
2775,アメノミハシラ,,
2776,万年松,,
2777,早逃桟橋,,
2778,蒼玉海溝,,
2779,紫水宮,,
2780,アドヴェンチャー号,,
2781,小林丸,,
2782,サイバイ洞,,
2783,カガミの仙窟,,
2784,イシボタンの巌窟,,
2785,イサリ村,,
2786,ゼッキ島,,
2787,海の穴,,
2788,タカラモチの棲処,,
2789,酔いどれ蛙の船小屋,,
2790,不見転岩場,,
2791,アオサギ滝,,
2792,アオサギ川,,
2793,ナマイ村,,
2794,梅泉郷,,
2795,無二江,,
2796,西龍鱗橋,,
2797,東龍鱗橋,,
2798,クサカリの里,,
2799,カストルム・フルーミニス,,
2800,ユヅカ代官屋敷,,
2801,ガンエン廟,,
2802,大龍月亮門,,
2803,青燐水保管所,,
2804,高速魔導駆逐艇L‐XXIII,,
2805,烈士庵,,
2806,万糸条,,
2807,七彩溝,,
2808,門前侍町,,
2809,城下船場,,
2810,ドマ城,,
2811,裾踏橋,,
2812,大龍瀑,,
2813,ドマ町人地,,
2814,再会の市,,
2815,ラギルの誤算,,
2816,臆病者の吊り橋,,
2817,ハク・カール,,
2818,ライ・カール,,
2819,ネム・カール,,
2820,カコール・イロー,,
2821,モル・イロー,,
2822,明けの玉座,,
2823,アジム・カート,,
2824,兄たちの橋,,
2825,大地の傷痕,,
2826,蛇の食道,,
2827,楔石の虚,,
2828,タオ・カール,,
2829,昇月の高地,,
2830,テール山脈,,
2831,空の山,,
2832,チャカ・ゾー,,
2833,バルダム覇道,,
2834,キオルエン,,
2835,ウヤギルの古巣穴,,
2836,百一の啓示,,
2837,ケレル・イロー,,
2838,暮れの玉座,,
2839,ヤト・カール,,
2840,ナーマ砂漠,,
2841,祝福の道,,
2842,ドタール・カー,,
2843,船着場：城下船場,,
2844,船着場：ドマ町人地,,
2845,船着場：茜雲桟橋,,
2846,[拡張街]船着場：茜雲桟橋,,
2847,帰燕館,,
2848,車前会所,,
2849,エーテライト・プラザ,,
2850,ドーロ・イロー,,
2851,ザ・バーン,,
2852,万市場,,
2853,職人町,,
2854,田園地,,
2855,栗斎塾,,
2856,見廻組屯所,,
2857,物見塔,,
2858,無二庭園,,
2859,ドマ町人地南（栗斎塾）,,
2860,ドマ町人地北（無二庭園・田園地）,,
2861,無二江流域（ヤンサ方面）,,
2862,エオルゼア同盟軍本陣,,
2863,ガレマール帝国軍天幕,,
2864,楽欲の僧院 オーボンヌ,,
2865,ゴルモア大密林,,
2866,オーボンヌ修道院,,
2867,死せる都,,
2868,密林の円庭,,
2869,機工士の領域,,
2870,聖騎士の領域,,
2871,命なき街路,,
2872,雷神の領域,,
2873,水晶の監獄,,
2874,懺悔室,,
2875,古の闘技場,,
2876,セントラルポイント,,
2877,バル川西岸,,
2878,バル川源流域,,
2879,バル川東岸,,
2880,本部塔エントランス,,
2881,バルデシオンアーセナル：最下層,,
2882,バルデシオンアーセナル：中層,,
2883,バルデシオンアーセナル：霊極層,,
2884,バルデシオンアーセナル：星極層,,
2885,バルデシオンアーセナル：最上層,,
2886,西部魔力橋脚,,
2887,中央魔力橋脚,,
2888,東部魔力橋脚,,
2889,魔力橋基部,,
2890,水晶龍の縄張り,,
2891,封印術研究棟跡,,
2892,崩壊した学寮,,
2893,委員長の執務室,,
2894,エントランス,,
2895,妖槍オールラスラッハ封印区,,
2896,妖槍ムンジャルグ封印区,,
2897,真・斬鉄剣封印区,,
2898,ランス・オブ・ヴァーチュー封印区,,
2899,プロトオズマ封印区,,
2900,第二波止場,,
2901,楽座街,,
2902,小波止場,,
2903,小金通り,,
2904,第一波止場,,
2905,異人街,,
2906,潮風亭,,
2907,転魂塔広場,,
2908,ウミネコ茶屋,,
2909,ズイコウ像,,
2910,望海楼,,
2911,望海泉,,
2912,松葉門外広場,,
2913,松葉門,,
2914,三条花街,,
2915,赤誠組屯所,,
2916,御船蔵,,
2917,無地鼓座,,
2918,参番蔵,,
2919,伍番蔵,,
2920,小鍛冶屋,,
2921,クガネ御船蔵,,
2922,黒母衣丸,,
2923,ウルダハ商館,,
2924,楽水園,,
2925,ガレマール帝国大使館,,
2926,ラザハン大使館,,
2927,ウルダハ商館応接室,,
2928,黄昏橋,,
2929,船着場：第二波止場,,
2930,クガネ・ランディング,,
2931,エーテライト・プラザ,,
2932,真ギルガメッシュ討滅戦,,
2933,アマジナ杯闘技会決勝戦,,
2934,船着場,,
2935,ガンゴッシュ,,
2936,パガルザン,,
2937,ゾレマク,,
2938,大平原,,
2939,ゾレマク祭場,,
2940,トカゲの囲い場,,
2941,黄昏の庭,,
2942,境界の谷,,
2943,ゾレマク市街,,
2944,黄金の平原,,
2945,アマルジャの移動集落,,
2946,,,
2947,,,
2948,,,
2949,ノルヴラント,,
2950,ノルヴラント,,
2951,クリスタリウム,,
2952,ユールモア,,
2953,レイクランド,,
2954,コルシア島,,
2955,アム・アレーン,,
2956,イル・メグ,,
2957,ラケティカ大森林,,
2958,テンペスト,,
2959,秘密の花園,,
2960,迷いの森,,
2961,幻惑の湖,,
2962,幻惑の城,,
2963,微睡みの泉,,
2964,捻じれた大樹,,
2965,フーアの浴場,,
2966,グリオールの寝床,,
2967,水面のホール,,
2968,王冠の間,,
2969,至天の広間,,
2970,冥界の大空洞,,
2971,大改装区画,,
2972,崩壊した通路,,
2973,次元潜行装置,,
2974,煉獄の入口,,
2975,改装作業拠点,,
2976,エーテル観測台,,
2977,主動力エーテル炉,,
2978,次元潜行装置中枢,,
2979,ドォーヌ・メグ,,
2980,幻惑の園,,
2981,幻惑の城,,
2982,シルクス・ツイニング,,
2983,地下浅層,,
2984,地下深層,,
2985,アーモロート,,
2986,滅びゆく都,,
2987,滅びゆく星,,
2988,見よ、獣は解き放たれた,,
2989,それらは人々を殺し、街を焼いた,,
2990,これが、第一の災いである,,
2991,この後、なお二つの災いが来る,,
2992,明日は燃え殻となり塵となった,,
2993,これが、第二の災いである,,
2994,滅びは影のように速い,,
2995,すべてが失われようとしていた,,
2996,これが、第三の災いである,,
2997,グルグ火山,,
2998,崩れかけた山道,,
2999,純白門,,
3000,光芒の階段,,
3001,大タロースの背,,
3002,大タロースの右腕,,
3003,漂白された山道,,
3004,改竄された山道,,
3005,下層,,
3006,上層,,
3007,アナイダアカデミア,,
3008,水棲生物創造場,,
3009,草木生物創造場,,
3010,幻想生物創造場,,
3011,アカデミア正門,,
3012,ミトロン院,,
3013,ハルマルト院,,
3014,ラハブレア院,,
3015,構内,,
3016,屋上,,
3017,階差閉宇宙,,
3018,キタンナ神影洞,,
3019,キタリの誰何,,
3020,神前の石扉,,
3021,ロックワ神の寝床,,
3022,アンパ神の涙,,
3023,神影写しの虚,,
3024,チャール神の踊場,,
3025,ラケティカ大飛瀑,,
3026,ガトル神の祭壇,,
3027,偽造された宮殿,,
3028,マリカの大井戸,,
3029,トロッコターミナル,,
3030,マリカの水源,,
3031,無償の離宮,,
3032,赤の水殿,,
3033,翠の坑道,,
3034,青の水脈,,
3035,漂白された洞穴,,
3036,迷える羊飼いの森,,
3037,水晶公の門,,
3038,風化した大地,,
3039,始まりの湖,,
3040,狭間の空き地,,
3041,従者の門,,
3042,帯の道,,
3043,千の山々,,
3044,ジョッブ砦,,
3045,光耀教会,,
3046,岩の橋,,
3047,ラディスカ物見塔,,
3048,留めの堡塁,,
3049,北の集結地,,
3050,ホルミンスター,,
3051,クリアメルト,,
3052,穢れなき証,,
3053,ラクサン城,,
3054,首吊り塔,,
3055,三再誕の広間,,
3056,巨人の兎小屋,,
3057,オスタル厳命城,,
3058,影狼の屋敷,,
3059,サレン郷,,
3060,ウィード島,,
3061,ブリック島,,
3062,ノット島,,
3063,ラップ島,,
3064,ダンプソール桟橋,,
3065,責苦の監獄,,
3066,錆ついた鉄鎖,,
3067,渇き知らずの浜,,
3068,ケンの島,,
3069,裸岩,,
3070,ブライトクリフ,,
3071,シャドウ・フォールト,,
3072,スクリー山地,,
3073,ドヴェルガル山脈,,
3074,クラックシェル海岸,,
3075,スティルタイド,,
3076,穴あき小舟亭,,
3077,ガバナーの畑,,
3078,ホワイトオイルフォールズ,,
3079,グリーリースタイズ,,
3080,スローロード,,
3081,サザンクロッシング,,
3082,グリーリーブリッジ,,
3083,ワッツリバー下流,,
3084,偏屈者の小屋,,
3085,ゲートタウン,,
3086,歓迎の門,,
3087,ホエール岬,,
3088,チゼルの岩門,,
3089,クレイヴ灯台,,
3090,シーゲイザー,,
3091,ストーンゲイザー,,
3092,ヴェンモント造船所,,
3093,スプリットハル岬,,
3094,ライト村,,
3095,ワックスシール牧場,,
3096,ウィスパーウィンド入江,,
3097,ボトムラング,,
3098,ラダー大昇降機,,
3099,バローアイル,,
3100,シャープタンの泉,,
3101,娘たちの舞踏場,,
3102,トップラング,,
3103,アミティー,,
3104,八号坑口,,
3105,トメラの村,,
3106,クイックウェイ,,
3107,南アンバーヒル,,
3108,ワッツリバー上流,,
3109,ボイルドアウルブリッジ,,
3110,フルーブリッジ,,
3111,コメラの村,,
3112,ドヴェルグの煙突,,
3113,ドワーフの洞窟,,
3114,カスール・シャル,,
3115,アンバーフィールド,,
3116,北アンバーヒル,,
3117,中央アンバーヒル,,
3118,廃都ナバスアレン,,
3119,隊商の野営地,,
3120,砂の川,,
3121,シムーンの背骨,,
3122,モルド・スーク,,
3123,帽子の塔,,
3124,手の風車,,
3125,足の風車,,
3126,眼の塔,,
3127,鼻の塔,,
3128,髭の塔,,
3129,旅立ちの宿,,
3130,物見櫓,,
3131,ナバースの断絶,,
3132,ビラン大鉱山,,
3133,ガリク村,,
3134,尻尾の道,,
3135,トゥワイン,,
3136,ケルク遺跡,,
3137,ゴンドラ操作場,,
3138,ヌベイ旧鉱山,,
3139,マリカの大井戸,,
3140,水の駅,,
3141,ゴンドラ操作場,,
3142,アム・マリク新宮殿,,
3143,無の大地,,
3144,ティム・グース,,
3145,姿見の湖,,
3146,フッブーテンブルク,,
3147,リダ・ラーン,,
3148,フィソー・ラーン,,
3149,ドォーヌ・メグ,,
3150,篤学者の荘園,,
3151,手鏡の湖,,
3152,ジズム・ラーン,,
3153,水没した教会,,
3154,魚たちの街,,
3155,ジェナーナ峠,,
3156,プラ・エンニ茸窟,,
3157,ヴォレクドルフ,,
3158,六つ子の浅瀬,,
3159,ダメルン巡礼教会跡,,
3160,コラード菌床,,
3161,聖ファスリクの額,,
3162,アンデンの羊小屋,,
3163,エアラ登城橋,,
3164,リェー・ギア城,,
3165,シチュア湿地,,
3166,トゥシ・メキタ湖,,
3167,イキス・マヤエの森,,
3168,クムル星遺跡群,,
3169,ゴーンの砦,,
3170,スリザーバウ,,
3171,至暗所,,
3172,書記者の樹洞,,
3173,ロツァトル大階段,,
3174,ウォーヴンオウス,,
3175,アースタディアの胎,,
3176,水蛇の宝卵,,
3177,割れた宝卵,,
3178,ダワトリ溺没神殿,,
3179,ファノヴの里,,
3180,午睡の東屋,,
3181,ワイルドガーデン,,
3182,射手の露宿,,
3183,ミュリルの郷愁,,
3184,風の渦,,
3185,四つの明星,,
3186,ガトル神のムル,,
3187,ロックワ神のムル,,
3188,チャール神のムル,,
3189,アンパ神のムル,,
3190,ユキス・ネルの大ピラミッド,,
3191,大トゥパサの崇神所,,
3192,ノルヴラント大陸斜面,,
3193,キャリバン海底谷,,
3194,アーモロート,,
3195,オンドの潮溜まり,,
3196,フラウンダーの穴蔵,,
3197,奇人のアトリエ,,
3198,パールの砂壺,,
3199,陸人の墓標,,
3200,主なき遺構,,
3201,プルプラ洞,,
3202,キャリバンの古巣穴,,
3203,アコラの塔,,
3204,ポリルリタ官庁街,,
3205,マカレンサス広場,,
3206,人民弁論館,,
3207,創造物管理局,,
3208,人民管理局,,
3209,人民事務局,,
3210,カピトル議事堂,,
3211,第一の災い,,
3212,第二の災い,,
3213,第三の災い,,
3214,エデンコア,,
3215,エデン甲板,,
3216,ネレウス海淵,,
3217,アトラス山頂,,
3218,妖精王の舞踏場,,
3219,イマキュレートクラウン,,
3220,終末のアーモロート,,
3221,シルクスの峡間,,
3222,ペンダント居住館：居室,,
3223,星見の間 ,,
3224,サンクチュアリ,,
3225,無の大地,,
3226,ナバース家の鉱山,,
3227,ロンカの遺構,,
3228,大トゥパサの崇神所,,
3229,リェー・ギア・ダンジョン,,
3230,ダンジョン入口,,
3231,第一区画,,
3232,第二区画,,
3233,第三区画,,
3234,第四区画,,
3235,最終区画,,
3236,円蓋の座,,
3237,天蓋の座,,
3238,三学科の座,,
3239,四学科の座,,
3240,テセレーション鉄橋,,
3241,エーテライト・プラザ,,
3242,エクセドラ大広場,,
3243,深慮の間,,
3244,ドッサル大門,,
3245,シルクスの塔クリスタルタワー,,
3246,テメノスルカリー牧場,,
3247,アマロ桟橋,,
3248,ミーン工芸館,,
3249,スパジャイリクス医療館,,
3250,バリスティクス造兵館,,
3251,博物陳列館,,
3252,自由弁論館,,
3253,ホルトリウム園芸館,,
3254,ムジカ・ユニバーサリス,,
3255,彷徨う階段亭,,
3256,カテナリー居住館,,
3257,スウィートシーヴ果樹園,,
3258,廃船街,,
3259,樹根の層,,
3260,樹幹の層,,
3261,樹梢の層,,
3262,樹葉の層,,
3263,栄光の門,,
3264,腐臭の花園,,
3265,ジョイアスホール,,
3266,入国審査室,,
3267,新民登録室,,
3268,洗民室,,
3269,一号交易室,,
3270,二号交易室,,
3271,交易倉庫,,
3272,ザイレムリフト,,
3273,ユールモア軍司令本部,,
3274,メインステイ,,
3275,エーテライト・プラザ,,
3276,グランドデイム・パーラー,,
3277,キャバレー・ビーハイヴ,,
3278,クラウンリフト,,
3279,スカイフロント,,
3280,元首の執務室,,
3281,紫黒の森,,
3282,薄煙の牧草地,,
3283,焦熱の村落,,
3284,紫黒のギャップ,,
3285,家畜市広場,,
3286,燃え盛る交差路,,
3287,マナーハウスの前庭,,
3288,ペンダント居住館,,
3289,三学科の座,,
3290,四学科の座,,
3291,クリスタリウム居室,,
3292,風化した裂け目,,
3293,錆ついた貯水池,,
3294,始まりの湖,,
3295,サレン郷,,
3296,ケンの島,,
3297,ワッツリバー上流,,
3298,ホワイトオイルフォールズ,,
3299,ワッツリバー下流,,
3300,シャープタンの泉,,
3301,コルシア島沿岸西,,
3302,シーゲイザーの入江,,
3303,コルシア島沿岸東,,
3304,廃船街,,
3305,砂の川,,
3306,ナバースの断絶,,
3307,アンバーヒル,,
3308,手鏡の湖,,
3309,姿見の湖,,
3310,上の子らの流れ,,
3311,中の子らの流れ,,
3312,末の子らの流れ,,
3313,聖ファスリクの額,,
3314,コラードの排水溝,,
3315,トゥシ・メキタ湖,,
3316,血の酒坏,,
3317,ロツァトル川,,
3318,ミュリルの郷愁南,,
3319,ウォーヴンオウス,,
3320,フラウンダーの穴蔵,,
3321,陸人の墓標,,
3322,キャリバン海底谷北西,,
3323,キャリバンの古巣穴西,,
3324,キャリバンの古巣穴東,,
3325,プルプラ洞,,
3326,ノルヴラント大陸斜面,,
3327,エーテライト・プラザ,,
3328,マーケット（ムジカ・ユニバーサリス）,,
3329,テメノスルカリー牧場,,
3330,ドッサル大門前（星見の間）,,
3331,ペンダント居住館前,,
3332,アマロ桟橋前,,
3333,ミーン工芸館前,,
3334,博物陳列館前,,
3335,テセレーション鉄橋（レイクランド方面）,,
3336,エーテライト・プラザ,,
3337,廃船街南東,,
3338,メインステイ,,
3339,腐臭の花園,,
3340,栄光の門,,
3341,始まりの湖北東,,
3342,ケンの島,,
3343,始まりの湖南東,,
3344,リェー・ギア城北,,
3345,魚たちの街,,
3346,姿見の湖中央,,
3347,ジズム・ラーン,,
3348,姿見の湖南,,
3349,トゥシ・メキタ湖北,,
3350,ダワトリ溺没神殿,,
3351,栄光の道（コルシア島方面）,,
3352,栄光の道,,
3353,シャープタンの泉,,
3354,長老たちの集会所,,
3355,呑んべぇの館,,
3356,ミサ・グロリアンダ,,
3357,花侯爵の凱旋路,,
3358,羊毛街道,,
3359,ミサ・グロリアンダ,,
3360,無言の崖,,
3361,絡み根の林,,
3362,ダイヤーズウォッシュ,,
3363,岩兵の瞑目,,
3364,ロツァトル川,,
3365,血の酒坏,,
3366,弓の枝島,,
3367,姉妹の隠れ島,,
3368,婿の枝島,,
3369,トリンキュローの岩棚,,
3370,呑まれた天楼,,
3371,ギャングウェイ,,
3372,飛空艇桟橋,,
3373,オキス・ダランの深淵,,
3374,アマロ留,,
3375,兵棋の間,,
3376,春の泉,,
3377,演奏の間,,
3378,オンサル・ハカイル,,
3379,オンサル・ハカイル西部,,
3380,オンサル・ハカイル東部,,
3381,オンサル・ハカイル南部,,
3382,聖者バグルチの神託,,
3383,侮られしバグルチの不屈,,
3384,聡きバグルチの旅程,,
3385,グラン・コスモス,,
3386,騎士の城館,,
3387,王妃の庭園,,
3388,王の宮殿,,
3389,騎士の間,,
3390,剣槍の間,,
3391,蛍石のホール,,
3392,会食の間,,
3393,英雄の間,,
3394,舞踏の間,,
3395,工場廃墟：上層,,
3396,工場廃墟：中層,,
3397,工場廃墟：下層,,
3398,工場廃墟：深層,,
3399,第1区画,,
3400,第2区画,,
3401,第3区画,,
3402,第4区画,,
3403,第5区画,,
3404,倉庫A,,
3405,倉庫B,,
3406,検品場,,
3407,廃棄物処理室,,
3408,倉庫C,,
3409,螺旋通路,,
3410,前部甲板,,
3411,後部甲板,,
3412,無垢の土地01,,
3413,無垢の土地02,,
3414,無垢の土地03,,
3415,無垢の土地04,,
3416,無垢の土地05,,
3417,無垢の土地06,,
3418,無垢の土地07,,
3419,無垢の土地08,,
3420,無垢の土地09,,
3421,無垢の土地10,,
3422,無垢の土地11,,
3423,無垢の土地12,,
3424,無垢の土地13,,
3425,複製サレタ工場廃墟,,
3426,廃倉庫,,
3427,機械遺跡の坑道,,
3428,リェー・メグ,,
3429,帝都魔導城,,
3430,皇族区画通路,,
3431,皇族区大広間,,
3432,連絡通路,,
3433,動力区,,
3434,魔導兵器格納庫,,
3435,蒼天街,,
3436,名も無き者たちの広場,,
3437,工場廃墟：上層,,
3438,工場廃墟：中層,,
3439,工場廃墟：下層,,
3440,工場廃墟：深層,,
3441,複製サレタ工場廃墟,,
3442,ギムリト防衛ライン,,
3443,オーシャンフィッシング,,
3444,ガラディオン湾,,
3445,メルトール海峡南,,
3446,メルトール海峡北,,
3447,ロータノ海,,
3448,ガラディオン湾沖合,,
3449,ガラディオン湾沖合：幻海流,,
3450,メルトール海峡南,,
3451,メルトール海峡南：幻海流,,
3452,メルトール海峡北,,
3453,メルトール海峡北：幻海流,,
3454,ロータノ海沖合,,
3455,ロータノ海沖合：幻海流,,
3456,トゥシ・メキタ湖中央,,
3457,トゥシ・メキタ湖南,,
3458,ミュリルの落涙,,
3459,ビスマルクの額,,
3460,想起の庭,,
3461,想起の館,,
3462,カタルシスの広場,,
3463,ドクサの広間,,
3464,イデア保管庫,,
3465,ノエシスの間,,
3466,セティボス海溝,,
3467,アニドラス・アナムネーシス,,
3468,ガンドフ雷平原,,
3469,灰の旅程,,
3470,エデン甲板,,
3471,徳測りし前室,,
3472,ホパル古盤,,
3473,十字鍬通り,,
3474,聖ロエル広場,,
3475,ニューネスト居住区,,
3476,ロランベリー・フィールド,,
3477,エンデバー号,,
3478,ガンゴッシュ,,
3479,シドの記憶空間,,
3480,シタデル・ボズヤ大通り,,
3481,シタデル・ボズヤ居住区,,
3482,シタデル・ボズヤ広場,,
3483,プリンシピア前,,
3484,プリンシピア,,
3485,交信雷波塔,,
3486,交信雷波塔管制室,,
3487,大氷河,,
3488,分断された大氷河,,
3489,風吹き上がる雲海,,
3490,遺構表層,,
3491,遺構深層,,
3492,人形タチノ軍事基地,,
3493,ドヴェルガル山脈,,
3494,バンカー,,
3495,エレベーター,,
3496,エイリアンシップ,,
3497,クレーター,,
3498,格納庫,,
3499,通路,,
3500,司令室,,
3501,縦坑,,
3502,A区画,,
3503,B区画,,
3504,残骸A,,
3505,残骸B,,
3506,射出デッキ,,
3507,第二司令室,,
3508,通路,,
3509,艦橋,,
3510,２Ｂの部屋,,
3511,漆黒決戦 ノルヴラント,,
3512,アム・アレーン,,
3513,イル・メグ,,
3514,レイクランド,,
3515,アルゲ鉱山,,
3516,草人たちの踊り場,,
3517,大聖堂前広場,,
3518,放棄された鉱山軌道,,
3519,アンバーバレー,,
3520,ア・ミルラン,,
3521,水没した空中回廊,,
3522,ストーイ・クリッヒ,,
3523,不寝の野営地,,
3524,光耀大聖堂跡,,
3525,フェザーフォール商業区,,
3526,スカイスチール機工房分館,,
3527,アバカス通り,,
3528,ホアフロスト官舎,,
3529,ウトヤ前哨地,,
3530,オランタ陣地,,
3531,ルンヤ陣地,,
3532,風吹き溜まる雲海,,
3533,風吹き荒ぶ雲海,,
3534,南方ボズヤ戦線,,
3535,カストルム・ラクスリトレ,,
3536,南方塹壕地帯,,
3537,ボズヤ旧市街跡,,
3538,アラムート城下,,
3539,城塞外,,
3540,城塞内,,
3541,剣たちの大広間,,
3542,失われた遺跡,,
3543,冷灰の大穴,,
3544,荒鷲の広場,,
3545,城門,,
3546,飛空戦艦発着場,,
3547,円壇の間,,
3548,王者の円壇,,
3549,破壊された市街,,
3550,DII-I号,,
3551,DII-II号,,
3552,DII-III号,,
3553,DII-IV号,,
3554,DII-V号,,
3555,DII-VI号,,
3556,SII-I号,,
3557,SII-II号,,
3558,SII-III号,,
3559,SII-IV号,,
3560,SII-V号,,
3561,SII-VI号,,
3562,DI-I号,,
3563,DI-II号,,
3564,DI-III号,,
3565,SI-I号,,
3566,SI-II号,,
3567,SI-III号,,
3568,始皇帝の玉座,,
3569,次元の狭間,,
3570,ターンクリフ沖,,
3571,ターンクリフ,,
3572,アノッグの部屋,,
3573,未明の間,,
3574,ワッツハンマー・ガレージ,,
3575,ステヴァ野営地,,
3576,人形タチノ軍事基地,,
3577,ドヴェルガル山脈,,
3578,バンカー,,
3579,エレベーター,,
3580,エイリアンシップ,,
3581,カステッルム・マリヌム・ドライドック,,
3582,土いじりの虚,,
3583,水はこびの虚,,
3584,火あそびの虚,,
3585,魔まわしの虚,,
3586,輝きの採土場,,
3587,涼しの採水場,,
3588,彩りの採熱場,,
3589,居留守の工房,,
3590,マトーヤのアトリエ,,
3591,土いじりの虚,,
3592,水はこびの虚,,
3593,火あそびの虚,,
3594,魔まわしの虚,,
3595,ユールモア監獄棟,,
3596,暗闇の領域,,
3597,グンヒルド・ディルーブラム,,
3598,遺跡浅層,,
3599,遺跡中層,,
3600,遺跡深層,,
3601,取り残された前庭,,
3602,失われた兵舎,,
3603,捨てられた穀倉,,
3604,知られざる離宮,,
3605,語られぬ拝廊,,
3606,祈りなき拝殿,,
3607,隠された階段,,
3608,触れ得ざる身廊,,
3609,命なき神殿,,
3610,満たされぬ聖所,,
3611,円形劇場跡,,
3612,雌獅子の広間,,
3613,大祈祷所,,
3614,託宣所,,
3615,雄獅子の広間,,
3616,響き合う水晶の間,,
3617,静かなる瞑想室,,
3618,命の至聖所,,
3619,巫女たちの広間,,
3620,ラクサン城,,
3621,シェルダレー諸島沖合,,
3622,シェルダレー諸島沖合：幻海流,,
3623,緋汐海沖合,,
3624,緋汐海沖合：幻海流,,
3625,ロズリト湾沖合,,
3626,ロズリト湾沖合：幻海流,,
3627,紅玉海底東,,
3628,小林丸北,,
3629,沈没川船南,,
3630,アジム・カート湖底南,,
3631,ロッホ・セル湖底深部,,
3632,ケンの島東,,
3633,姿見の湖東,,
3634,トゥシ・メキタ湖底深部,,
3635,絶望の園,,
3636,ルーシュマンド記念病院,,
3637,クウィル通り,,
3638,詩伯門,,
3639,スノーソーク浴場,,
3640,リズンソング文化区,,
3641,シェルダレー諸島,,
3642,緋汐海,,
3643,ロズリト湾,,
3644,リェー・ギア・ダンジョン祭殿,,
3645,リズンソング文化区東,,
3646,リズンソング文化区西,,
3647,希望ノ砲台：「塔」,,
3648,最下層,,
3649,電脳空間A,,
3650,電脳空間B,,
3651,モノレール,,
3652,最上層,,
3653,電脳空間C,,
3654,封鎖区画A,,
3655,封鎖区画B,,
3656,迎撃区画A,,
3657,迎撃区画B,,
3658,迎撃区画C,,
3659,迎撃区画D,,
3660,昇降機,,
3661,頂上,,
3662,ザトゥノル高原,,
3663,Gセイヴァー戦闘甲板,,
3664,ヴァルデニス前哨地,,
3665,スピタク陣地,,
3666,イジェバン陣地,,
3667,アルマヴィル陣地,,
3668,高原南方台地,,
3669,高原西方台地,,
3670,高原北方台地,,
3671,カステッルム・ザトゥノル,,
3672,旗艦ダル・リアータ：前部,,
3673,旗艦ダル・リアータ：中枢,,
3674,アラグ試掘坑,,
3675,旗艦停泊地,,
3676,搬入出区画,,
3677,搬入出制御室,,
3678,魔導研究区画,,
3679,動力制御区画,,
3680,大型格納区画,,
3681,崩落した試掘坑,,
3682,旗艦ダル・リアータ,,
3683,エッグドリーム鶏舎,,
3684,月の底,,
3685,マザークリスタル,,
3686,果ての終焉,,
3687,エンピレアム,,
3688,[拡張街]エンピレアム,,
3689,エンピレアム：コテージ,,
3690,エンピレアム：ハウス,,
3691,エンピレアム：レジデンス,,
3692,エンピレアム：プライベートルーム,,
3693,エンピレアム：地下工房,,
3694,イングルサイド：ロビー,,
3695,イングルサイド：部屋,,
3696,ホーンテッドフィースト,,
3697,ジュニアの子供部屋,,
3698,ママのダイニング,,
3699,パパのダンスホール,,
3700,原初世界,,
3701,第一世界,,
3702,北洋地域,,
3703,イルサバード,,
3704,星外宙域,,
3705,古代世界,,
3706,オールド・シャーレアン,,
3707,ラザハン,,
3708,ラヴィリンソス,,
3709,サベネア島,,
3710,ガレマルド,,
3711,嘆きの海,,
3712,ウルティマ・トゥーレ,,
3713,エルピス,,
3714,ハイモーン広場,,
3715,エンピレアム南東,,
3716,エンピレアム中央,,
3717,エンピレアム南西,,
3718,イングルサイド,,
3719,エンピレアム北西,,
3720,エンピレアム東,,
3721,エンピレアム北東,,
3722,[拡張街]ハイモーン広場,,
3723,[拡張街]エンピレアム南西,,
3724,[拡張街]エンピレアム中央,,
3725,[拡張街]エンピレアム北西,,
3726,[拡張街]イングルサイド,,
3727,[拡張街]エンピレアム北東,,
3728,[拡張街]エンピレアム南,,
3729,[拡張街]エンピレアム南東,,
3730,地脈調整区,,
3731,信仰抽出区,,
3732,信仰増幅区,,
3733,技巧の間,,
3734,富の間,,
3735,知恵の間,,
3736,ゾットの塔,,
3737,基部層,,
3738,中層,,
3739,最上層,,
3740,ラヴィリンソス,,
3741,サベネア島,,
3742,星外,,
3743,古代世界,,
3744,オールド・シャーレアン,,
3745,ラザハン,,
3746,アキャーリ南,,
3747,アキャーリ西,,
3748,遺烈郷南,,
3749,マーヤーの幻泉,,
3750,アキャーリ沖,,
3751,オノコロ島北,,
3752,イサリ村周辺,,
3753,カガミの仙窟周辺,,
3754,ベッコウ島北東,,
3755,境島東,,
3756,オノコロ島北西,,
3757,イシボタンの巌窟周辺,,
3758,ロッホ・セル湖北東,,
3759,ヒュペルボレア造物院,,
3760,創造大陸層,,
3761,創造研究層,,
3762,創造低空層,,
3763,創造大陸観察区,,
3764,創造天空観察区,,
3765,創造天脈観察区,,
3766,寒冷創造環境,,
3767,創造生物評価室,,
3768,天脈創造環境,,
3769,パンデモニウム正門,,
3770,スマイルトン,,
3771,都市表層区,,
3772,都市内層区,,
3773,都市工事区,,
3774,笑顔あふれる正門,,
3775,大歓迎の玄関,,
3776,ビッグチーズ,,
3777,世にも素晴らしい市街地,,
3778,理想的な居住区,,
3779,くつろぎの居間,,
3780,感動と興奮の音楽堂,,
3781,工事中：ご迷惑をおかけしております,,
3782,幸せを運ぶ通路,,
3783,スティグマ・フォー,,
3784,アルファトロン星,,
3785,小惑星帯,,
3786,竜星,,
3787,アルファトロン星,,
3788,ゴードナ文明首都,,
3789,竜星,,
3790,ウェポンプラント,,
3791,コマンドA4,,
3792,コンクエストA4,,
3793,アウトポストA4,,
3794,ヘッドクォーターA4,,
3795,斧槍通り（居住区担当官）,,
3796,[拡張街]斧槍通り（居住区担当官）,,
3797,パンデモニウム辺獄下層,,
3798,パンデモニウム辺獄水道,,
3799,,,
3800,シャーレアン魔法大学,,
3801,フェノメノン大講堂,,
3802,工匠殿,,
3803,選者殿,,
3804,公開講堂,,
3805,ヌーメノン大書院,,
3806,討論のモノペトロス,,
3807,沈思の森,,
3808,黙考のモノペトロス,,
3809,七賢人の庭,,
3810,哲学者の広場,,
3811,アルティフィスホール,,
3812,ニンファイオン,,
3813,転送魔法研究所,,
3814,エーテライト・プラザ,,
3815,アゴラ,,
3816,バルデシオン分館,,
3817,メインホール,,
3818,ナップルーム,,
3819,漂流者の丘,,
3820,ルヴェユール邸,,
3821,パフィン広場,,
3822,知神の港,,
3823,ラストスタンド,,
3824,ニュンクレフの岩,,
3825,サリャク柱廊,,
3826,知神サリャク像,,
3827,ペリスタイル,,
3828,出入国管理所,,
3829,アウターサーキット,,
3830,アルティフィスパス,,
3831,アッパー・アクリンソス,,
3832,地下水排出路,,
3833,アルケイオン保管院,,
3834,恵みのトロス,,
3835,パスメラン種畜研究所,,
3836,試作漁場河川,,
3837,洞穴生物繁殖区,,
3838,第三十三期拡張坑道,,
3839,朝露の森,,
3840,人工霧制御塔,,
3841,ミディアルサーキット,,
3842,メリオール実験農場,,
3843,プシケ送風塔,,
3844,ポイボス制御塔,,
3845,プネウマ送風塔,,
3846,ロウアー・アクリンソス,,
3847,ミタト酪農場,,
3848,セントラルサーキット,,
3849,ロジスティコン・アルファ,,
3850,リトルシャーレアン,,
3851,ロジスティコン・ベータ,,
3852,アポリア本部,,
3853,ロジスティコン・ガンマ,,
3854,ククロの工房,,
3855,タウマゼイン,,
3856,星海,,
3857,ガジャシンハ大橋,,
3858,真眼門,,
3859,誓約の階段,,
3860,アルザダール通り,,
3861,アルザダール廟,,
3862,パクシャ通り,,
3863,ラザハン・ランディング,,
3864,ダーマ区,,
3865,メーガドゥータ宮,,
3866,ニーローパラ畜産局,,
3867,風の桑畑,,
3868,ルヴェーダ製糸局,,
3869,アルタ区,,
3870,星戦士団本営,,
3871,流星の間,,
3872,バルシャーン・バザール西通り,,
3873,バルシャーン・バザール東通り,,
3874,メリードズメイハネ,,
3875,エーテライト・プラザ,,
3876,アルキミヤ製薬堂,,
3877,ユジュ区,,
3878,カーマ区,,
3879,微風の浜,,
3880,イェドリマン,,
3881,ウッサケイーク島,,
3882,テブケイーク島,,
3883,アルネア島,,
3884,アキャーリ,,
3885,薫香の丘,,
3886,デミールの遺烈郷,,
3887,カジャーヤ演舞場,,
3888,ハンサ牧場跡,,
3889,ギガントガル採石場,,
3890,ゾットの塔,,
3891,ナルネア島,,
3892,衆園の森,,
3893,トラーナ関門,,
3894,パーラカの里,,
3895,パワナの悔悟,,
3896,聖仙アガマの墳墓,,
3897,クシールローダ川,,
3898,マーヤーの幻泉,,
3899,プルシャ寺院,,
3900,星戦士団の調練場,,
3901,夜番の崖,,
3902,エブラーナ氷原,,
3903,キャンプ・ブロークングラス,,
3904,ホレア・カンピ,,
3905,管理官舎G棟,,
3906,臣の褒賞,,
3907,大セルレア湖,,
3908,タッパーズデン,,
3909,ユートゥルナG水上リグ,,
3910,ガレアン・ドモルム区,,
3911,エンセラダス魔導工廠,,
3912,フォルム・パーテンズ,,
3913,第IV市外駅,,
3914,脱線した列車,,
3915,テルティウム駅,,
3916,青燐パイプライン,,
3917,ウルバニッシマ区,,
3918,ガレマール元老院,,
3919,パラティウム・ノヴム,,
3920,フォルム・ソリウス,,
3921,帝都高速路,,
3922,潔白の環濠,,
3923,バブイルの塔,,
3924,マグナ・グラキエス,,
3925,ノトスの感嘆,,
3926,プロピュライオン,,
3927,芽吹の玄関,,
3928,アナグノリシス天測園,,
3929,十二節の園,,
3930,ノエトン万華樹,,
3931,汐沫の庭,,
3932,異土の庭,,
3933,ナビ・ノトス,,
3934,ゼピュロスの喝采,,
3935,ナビ・南ゼピュロス,,
3936,メタバシス六洋院,,
3937,ペリペテイア晶蔵院,,
3938,ポイエテーン・オイコス,,
3939,ナビ・北ゼピュロス,,
3940,逍遥水径,,
3941,ボレアースの黙劇,,
3942,ナビ・南ボレアース,,
3943,ヒュペルボレア造物院,,
3944,ナビ・東ボレアース,,
3945,エウロスの冷笑,,
3946,牙の園,,
3947,レーテー海,,
3948,ナビ・エウロス,,
3949,涙の入江,,
3950,監視者の館,,
3951,嘆きの海 南,,
3952,霊水の剣,,
3953,霊氷の剣,,
3954,霊土の剣,,
3955,クロロフォスグロット,,
3956,闇の揺り籠,,
3957,痛みの峡谷,,
3958,嘆きの海 北,,
3959,霊風の剣,,
3960,霊雷の剣,,
3961,霊火の剣,,
3962,シドニア・ノールズ,,
3963,ラヴィングウェイの花園,,
3964,苦悶の入江,,
3965,ヘイムダル級観察艇の残骸,,
3966,ベストウェイ・バロー,,
3967,ムーンセイル,,
3968,キャロットリウム,,
3969,グレーテスト・エンズヴィル,,
3970,オストラコン・デカオクト,,
3971,魔導船ラグナロク,,
3972,熔解した前哨基地,,
3973,リア・ターラ,,
3974,アーム・ノール,,
3975,オストラコン・トゥリア,,
3976,逡巡の泉,,
3977,再受肉槽,,
3978,イーアの里,,
3979,辞世の連句碑,,
3980,イーアの転移陣,,
3981,オストラコン・デカークシ,,
3982,放棄されたポータル,,
3983,オミクロンベース,,
3984,寂れたポータル,,
3985,生命の木,,
3986,スティグマ・ワン,,
3987,見捨てられたポータル,,
3988,オストラコン・エーナ,,
3989,命なき街,,
3990,最果ての中心,,
3991,レムナント,,
3992,主観測室,,
3993,星海結晶域,,
3994,星海乱流域,,
3995,エーテル鏡群,,
3996,星海深淵域,,
3997,星海中枢域,,
3998,シャーレアン魔法大学,,
3999,バルデシオン分館前,,
4000,哲学者の広場,,
4001,ルヴェユール邸前,,
4002,漂流者の丘,,
4003,知神の港,,
4004,アルティフィスホール（ラヴィリンソス方面）,,
4005,メーガドゥータ宮前,,
4006,ルヴェーダ製糸局前,,
4007,ラザハン・ランディング,,
4008,アルザダール廟前,,
4009,星戦士団本営前,,
4010,メリードズメイハネ,,
4011,真眼門（サベネア島方面）,,
4012,樹海の空地,,
4013,里長邸前,,
4014,デーヴァター寺院,,
4015,ヴァナスパティ樹海,,
4016,祈りの水辺,,
4017,決意の道,,
4018,シュラマナの里,,
4019,太陽の階段,,
4020,石窟寺院群,,
4021,天の最果て,,
4022,レムレースのオフィス,,
4023,作戦立案室,,
4024,神門の間,,
4025,星海,,
4026,ロスト・ハイドロリック,,
4027,ジュニャーナ洋上祭殿,,
4028,アイティオン星晶鏡,,
4029,忘れられたポータル,,
4030,スワルナの大蔵,,
4031,オムファロス,,
4032,ポルタ・デクマーナ,,
4033,パンデモニウム正門,,
4034,ヌーメノン大書院：禁書庫,,
4035,アルザダール海底遺跡群,,
4036,トロイアコート,,
4037,アイティオン星晶鏡,,
4038,ゼロの領域,,
4039,メーガドゥータ宮の客間,,
4040,魔人の隠れ家,,
4041,リサーチA4,,
4042,エリュシオン,,
4043,名もなき島,,
4044,アルキミヤ製薬堂,,
4045,呪髪の風塔,,
4046,ゼロのねぐら,,
4047,広場,,
4048,カフェ「ラストレムナント」,,
4049,農業区画,,
4050,知神の港,,
4051,碧き谷,,
4052,沈思の泉,,
4053,一号天球口,,
4054,一号排出路,,
4055,二号天球口,,
4056,二号排出路,,
4057,ディープモート,,
4058,メーガドゥータの飛沫,,
4059,イェドリマン沿岸,,
4060,サベネア島近海,,
4061,デミールの遺烈郷沿岸,,
4062,ギガントガル採石場,,
4063,トラーナ関門,,
4064,クシールローダ川,,
4065,パワナの悔悟,,
4066,マーヤーの幻泉,,
4067,薫香の浜,,
4068,エブラーナ不凍池,,
4069,潔白の環濠,,
4070,グレーテスト・エンズヴィル,,
4071,クロロフォス・ポンド,,
4072,氷土の亀裂,,
4073,逍遥水径,,
4074,牙の園下層,,
4075,レーテー海,,
4076,ヘロス・デカオクトγ,,
4077,ヘロス・デカオクトβ,,
4078,ヘロス・デカオクトα,,
4079,逡巡の泉,,
4080,イーアの里,,
4081,リムニ・デカオクト,,
4082,リムニ・トゥリアα,,
4083,リムニ・トゥリアβ,,
4084,創造中空層,,
4085,創造高空層,,
4086,創造天空層,,
4087,海洋区画,,
4088,遊園区画,,
4089,森林区画,,
4090,パライストラ,,
4091,ヴォルカニック・ハート,,
4092,クラウドナイン,,
4093,東方絡繰御殿,,
4094,,,
4095,,,
4096,,,
4097,,,
4098,詩想空間,,
4099,詩想空間,,
4100,レムナント,,
4101,オストラコン・エークシ,,
4102,オストラコン・オクト,,
4103,オストラコン・デカエプタ,,
4104,消えゆく貝塚,,
4105,抑止の丘,,
4106,世界樹の庭,,
4107,穢れた渚,,
4108,グレビュオフの集落,,
4109,ジャッジメント・デイ,,
4110,満ち足りた世界,,
4111,エキサイトロン,,
4112,エキサイトロン入口,,
4113,第一区画,,
4114,第二区画,,
4115,第三区画,,
4116,第四区画,,
4117,最終区画,,
4118,バブイルの塔,,
4119,E号魔導貨物線,,
4120,地下区画,,
4121,昇降区画,,
4122,宮殿区画,,
4123,増築区画,,
4124,魔導整備庫,,
4125,武術訓練ホール,,
4126,鉄の肚,,
4127,XLIX式貨物車,,
4128,搬出通路,,
4129,A号昇降機,,
4130,連絡通路,,
4131,宮殿通路,,
4132,鎖環の間,,
4133,地脈歪曲層,,
4134,アニマディメンション,,
4135,パンデモニウム辺獄深層,,
4136,イディルシャイア,,
4137,ラールガーズリーチ,,
4138,ガレマルド,,
4139,エンピレアム,,
4140,聖竜門,,
4141,スノースティープ浴場,,
4142,斧槍通り,,
4143,義勇門,,
4144,ダングラン記念公園,,
4145,新飛竜泊,,
4146,アイティオン星晶鏡,,
4147,下層,,
4148,深層,,
4149,[拡張街]聖竜門,,
4150,[拡張街]スノースティープ浴場,,
4151,[拡張街]義勇門,,
4152,[拡張街]ダングラン記念公園,,
4153,[拡張街]新飛竜泊,,
4154,アルザダール海底遺跡群,,
4155,バフラウ遺構,,
4156,アラパゴ遺構,,
4157,ゼオルム遺構,,
4158,崩れかけた広間,,
4159,豊穣の間,,
4160,封宝の間,,
4161,バフラウ遺構,,
4162,アラパゴ遺構,,
4163,ゼオルム遺構,,
4164,●玉座の間,,
4165,●財宝の間,,
4166,アルザダール3世の宝物殿,,
4167,輝ける神域 アグライア,,
4168,雷天,,
4169,炎天,,
4170,二面宮,,
4171,雷天,,
4172,炎天,,
4173,技巧宮,,
4174,導きの歩廊,,
4175,彗星宮,,
4176,壮麗なる都,,
4177,審理宮,,
4178,二面宮,,
4179,ロッホ・セル湖南西,,
4180,トロイアコート,,
4181,第四監獄棟,,
4182,トロイア城,,
4183,水占庭園,,
4184,責罪広場,,
4185,筆頭神官の間,,
4186,姉妹たちの園,,
4187,庭園への階,,
4188,第四監獄棟,,
4189,トロイア城,,
4190,水占庭園,,
4191,エリュシオン農業区画,,
4192,エリュシオン海洋区画α,,
4193,エリュシオン海洋区画β,,
4194,エリュシオン遊園区画α,,
4195,エリュシオン遊園区画β,,
4196,寄生生物隔離棟,,
4197,呪髪の風塔,,
4198,創生樹隔離棟,,
4199,シラディハ水道,,
4200,泥水ポンプ棟,,
4201,花園の前庭,,
4202,孔雀石の間,,
4203,秘蔵の間,,
4204,陽だまりの花園,,
4205,汚泥処理池,,
4206,勇士たちの寝所,,
4207,祭具室,,
4208,沈石搬出施設,,
4209,御前闘技台,,
4210,王族の私室,,
4211,王家の食卓,,
4212,謁見の間,,
4213,シラディハ公庫,,
4214,聖火兵器安置場,,
4215,聖火と天秤の間,,
4216,選扉の間,,
4217,灌漑用水路,,
4218,翠の散策路,,
4219,地下河川取水堰,,
4220,汚水処理区画,,
4221,聖戦への岐路,,
4222,掃討作戦前哨地,,
4223,上水道施設,,
4224,シラディハ王政区画,,
4225,後宮,,
4226,共闘記念斎場,,
4227,異聞シラディハ水道,,
4228,知恵の層,,
4229,力の層,,
4230,天秤の層,,
4231,壱の試練,,
4232,弐の試練,,
4233,参の試練,,
4234,知恵の庭,,
4235,力の庭,,
4236,採集環境,,
4237,開拓拠点,,
4238,海賊たちの浜,,
4239,飛び石岩礁,,
4240,のっぺり丘,,
4241,山の泉,,
4242,とんがり山頂,,
4243,山の中腹,,
4244,サンゴ海岸,,
4245,青空池,,
4246,三角岬,,
4247,縦の川,,
4248,横の川,,
4249,猛毒生物隔離棟,,
4250,生命神秘研究棟,,
4251,エリュシオン,,
4252,エリュシオン,,
4253,エリュシオン,,
4254,エリュシオン,,
4255,エリュシオン,,
4256,エリュシオン,,
4257,[拡張街]斧槍通り,,
4258,喜びの神域 エウプロシュネ,,
4259,土天,,
4260,氷天,,
4261,氷天宮,,
4262,氷天宮屋上,,
4263,土天,,
4264,氷天,,
4265,豊穣の地,,
4266,世界樹の根土,,
4267,世界樹,,
4268,削られた氷河,,
4269,戦神の間,,
4270,ラピス・マナリス,,
4271,モンス・アルバス山腹,,
4272,ヴィクス・メッソルム,,
4273,フォンス・マナリス,,
4274,雪獣の帝座,,
4275,フォルム・メッソルム,,
4276,青炎の棘,,
4277,穂刈の炉,,
4278,モンス・アルバス山腹,,
4279,ヴィクス・メッソルム,,
4280,フォンス・マナリス,,
4281,ケンの島南西,,
4282,水没した教会周辺,,
4283,ブロンズレイク北東湖底,,
4284,双月の間,,
4285,XLVII登山雪道,,
4286,僭主の森,,
4287,エルピス・ギュムナシオン祭殿,,
4288,次元の狭間,,
4289,試練の山,,
4290,ホーパーズ・ホールド,,
4291,モンス・アルバス山麓,,
4292,モンス・アルバス山麓,,
4293,カドガの大岩,,
4294,魔導雪上車甲板部,,
4295,ラピス・マナリス,,
4296,立方魔法陣,,
4297,ハーム島,,
4298,流氷帯,,
4299,ハーム島,,
4300,星霊間欠泉群,,
4301,流氷の円庭,,
4302,シアンキャップ中継地,,
4303,エーテリックポンド,,
4304,流氷帯,,
4305,ハーム島,,
4306,星霊間欠泉群,,
4307,十四座の間,,
4308,,,
4309,,,
4310,,,
4311,,,
4312,,,
4313,,,
4314,,,
4315,,,
4316,,,
4317,,,
4318,,,
4319,,,
4320,,,
4321,,,
4322,,,
4323,,,
4324,,,
4325,,,
4326,,,
4327,,,
4328,,,
4329,,,
4330,,,
4331,,,
4332,,,
4333,,,
4334,,,
4335,,,
4336,,,
4337,,,
4338,,,
4339,,,
4340,,,
4341,,,
4342,,,
4343,,,
4344,,,
4345,,,
4346,,,
4347,,,
4348,,,
4349,,,
4350,,,
4351,,,
4352,,,
4353,,,
4354,,,
4355,,,
4356,,,
4357,,,
4358,星海滞留域,,
4359,とんがり山の洞窟,,
4360,陸上,,
4361,洞窟,,
4362,万魔の産屋,,
4363,セイレーン海,,
4364,クガネ,,
4365,紅玉海,,
4366,無二江,,
4367,セイレーン海沖合,,
4368,セイレーン海沖合：幻海流,,
4369,クガネ沖合,,
4370,クガネ沖合：幻海流,,
4371,紅玉海沖合,,
4372,紅玉海沖合：幻海流,,
4373,無二江下流,,
4374,無二江下流：幻海流,,
4375,神の座,,
4376,創造世界,,
4377,アラヤの宝塔,,
4378,魔石の鉱脈,,
4379,つらら洞,,
4380,エスティニアンの客室,,
4381,セナトゥス駅,,
4382,赤き月,,
