key,0
#,String
int32,str
0,""
1,"忠義量譜"
2,"開啟<UIForeground>F201F4</UIForeground><UIGlow>F201F5</UIGlow>鋼鐵信念<UIGlow>01</UIGlow><UIForeground>01</UIForeground>技能後，畫面上會出現顯示該技能使用狀態的量譜。
想要集中仇恨時，建議使用鋼鐵信念。"
3,"<UIForeground>F201FA</UIForeground><UIGlow>F201FB</UIGlow>職業量譜的說明可以隨時在技能選單中進行查看。<UIGlow>01</UIGlow><UIForeground>01</UIForeground>"
4,"忠義量譜"
5,"學會<UIForeground>F201F4</UIForeground><UIGlow>F201F5</UIGlow>忠義精通<UIGlow>01</UIGlow><UIForeground>01</UIForeground>特性後，畫面上會出現專用的<UIForeground>F201F4</UIForeground><UIGlow>F201F5</UIGlow>忠義量譜<UIGlow>01</UIGlow><UIForeground>01</UIForeground>。
該量譜不僅會顯示鋼鐵信念的狀態，還會顯示騎士的<UIForeground>F201F4</UIForeground><UIGlow>F201F5</UIGlow>忠義<UIGlow>01</UIGlow><UIForeground>01</UIForeground>效果的具體量值。
自動攻擊命中時會積累忠義量值，消耗忠義量值可以發動<UIForeground>F201F4</UIForeground><UIGlow>F201F5</UIGlow>盾陣<UIGlow>01</UIGlow><UIForeground>01</UIForeground>、45級學會的<UIForeground>F201F4</UIForeground><UIGlow>F201F5</UIGlow>保護<UIGlow>01</UIGlow><UIForeground>01</UIForeground>和62級學會的<UIForeground>F201F4</UIForeground><UIGlow>F201F5</UIGlow>干預<UIGlow>01</UIGlow><UIForeground>01</UIForeground>技能。"
6,"獸魂量譜"
7,"開啟<UIForeground>F201F4</UIForeground><UIGlow>F201F5</UIGlow>守護<UIGlow>01</UIGlow><UIForeground>01</UIForeground>技能後，畫面上會出現顯示該技能使用狀態的量譜。
想要集中仇恨時，建議使用守護。"
8,"獸魂量譜"
9,"學會<UIForeground>F201F4</UIForeground><UIGlow>F201F5</UIGlow>獸魂<UIGlow>01</UIGlow><UIForeground>01</UIForeground>特性後，畫面上會出現專用的<UIForeground>F201F4</UIForeground><UIGlow>F201F5</UIGlow>獸魂量譜<UIGlow>01</UIGlow><UIForeground>01</UIForeground>。
該量譜不僅會顯示守護的狀態，還會顯示代表戰士心中野性的<UIForeground>F201F4</UIForeground><UIGlow>F201F5</UIGlow>獸魂<UIGlow>01</UIGlow><UIForeground>01</UIForeground>的具體量值。
<UIForeground>F201F4</UIForeground><UIGlow>F201F5</UIGlow>原初之魂<UIGlow>01</UIGlow><UIForeground>01</UIForeground>和45級學會的<UIForeground>F201F4</UIForeground><UIGlow>F201F5</UIGlow>鋼鐵旋風<UIGlow>01</UIGlow><UIForeground>01</UIForeground>等技能都需要通過消耗積累的獸魂量值才能發動。
獸魂量值可以通過發動特定的技能進行積累。"
10,"暗血量譜"
11,"開啟<UIForeground>F201F4</UIForeground><UIGlow>F201F5</UIGlow>深惡痛絕<UIGlow>01</UIGlow><UIForeground>01</UIForeground>技能後，畫面上會出現顯示該技能使用狀態的量譜。
想要集中仇恨時，建議使用深惡痛絕。"
12,"暗黑量譜"
13,"學會<UIForeground>F201F4</UIForeground><UIGlow>F201F5</UIGlow>暗黑波動<UIGlow>01</UIGlow><UIForeground>01</UIForeground>技能後，畫面上會出現專用的<UIForeground>F201F4</UIForeground><UIGlow>F201F5</UIGlow>暗黑量譜<UIGlow>01</UIGlow><UIForeground>01</UIForeground>。
暗黑量譜會顯示<UIForeground>F201F4</UIForeground><UIGlow>F201F5</UIGlow>暗黑<UIGlow>01</UIGlow><UIForeground>01</UIForeground>的持續時間。使用<UIForeground>F201F4</UIForeground><UIGlow>F201F5</UIGlow>暗黑波動<UIGlow>01</UIGlow><UIForeground>01</UIForeground>和40級學會的<UIForeground>F201F4</UIForeground><UIGlow>F201F5</UIGlow>暗黑鋒<UIGlow>01</UIGlow><UIForeground>01</UIForeground>可以附加暗黑狀態。
暗黑狀態中自身攻擊所造成的傷害提高。"
14,"暗血量譜"
15,"學會<UIForeground>F201F4</UIForeground><UIGlow>F201F5</UIGlow>暗血<UIGlow>01</UIGlow><UIForeground>01</UIForeground>特性後，畫面上會出現專用的<UIForeground>F201F4</UIForeground><UIGlow>F201F5</UIGlow>暗血量譜<UIGlow>01</UIGlow><UIForeground>01</UIForeground>。
該量譜會顯示暗血的具體量值。<UIForeground>F201F4</UIForeground><UIGlow>F201F5</UIGlow>血濺<UIGlow>01</UIGlow><UIForeground>01</UIForeground>和64級學會的<UIForeground>F201F4</UIForeground><UIGlow>F201F5</UIGlow>寂滅<UIGlow>01</UIGlow><UIForeground>01</UIForeground>等技能都需要通過消耗積累的暗血量值才能發動。
暗血量值可以通過發動特定的技能進行積累。"
16,"暗黑量譜"
17,"學會<UIForeground>F201F4</UIForeground><UIGlow>F201F5</UIGlow>至黑之夜<UIGlow>01</UIGlow><UIForeground>01</UIForeground>技能後，暗黑量譜會顯示<UIForeground>F201F4</UIForeground><UIGlow>F201F5</UIGlow>暗技<UIGlow>01</UIGlow><UIForeground>01</UIForeground>狀態。
消耗<UIForeground>F201F4</UIForeground><UIGlow>F201F5</UIGlow>至黑之夜<UIGlow>01</UIGlow><UIForeground>01</UIForeground>的防護罩效果可以附加暗技狀態。
附加暗技狀態後，可以通過只消耗暗技不消耗魔力的方式來發動<UIForeground>F201F4</UIForeground><UIGlow>F201F5</UIGlow>暗黑波動<UIGlow>01</UIGlow><UIForeground>01</UIForeground>和<UIForeground>F201F4</UIForeground><UIGlow>F201F5</UIGlow>暗黑鋒<UIGlow>01</UIGlow><UIForeground>01</UIForeground>技能。"
18,"暗黑量譜"
19,"學會<UIForeground>F201F4</UIForeground><UIGlow>F201F5</UIGlow>掠影示現<UIGlow>01</UIGlow><UIForeground>01</UIForeground>技能後，一同戰鬥的<UIForeground>F201F4</UIForeground><UIGlow>F201F5</UIGlow>英雄的掠影<UIGlow>01</UIGlow><UIForeground>01</UIForeground>會變成實體。暗黑量譜可以顯示英雄的掠影實體存在的剩餘時間。"
20,"百合花莖量譜"
21,"學會<UIForeground>F201F4</UIForeground><UIGlow>F201F5</UIGlow>神秘百合<UIGlow>01</UIGlow><UIForeground>01</UIForeground>特性後，畫面上會出現專用的<UIForeground>F201F4</UIForeground><UIGlow>F201F5</UIGlow>百合花莖量譜<UIGlow>01</UIGlow><UIForeground>01</UIForeground>，
以顯示當前<UIForeground>F201F4</UIForeground><UIGlow>F201F5</UIGlow>治療百合<UIGlow>01</UIGlow><UIForeground>01</UIForeground>開花的數量。
當自身處於戰鬥狀態時，每過一定時間就會開放一朵治療百合，
消耗百合可以發動<UIForeground>F201F4</UIForeground><UIGlow>F201F5</UIGlow>安慰之心<UIGlow>01</UIGlow><UIForeground>01</UIForeground>和76級學會的<UIForeground>F201F4</UIForeground><UIGlow>F201F5</UIGlow>狂喜之心<UIGlow>01</UIGlow><UIForeground>01</UIForeground>技能。"
22,"百合花莖量譜"
23,"學會<UIForeground>F201F4</UIForeground><UIGlow>F201F5</UIGlow>安慰之心效果提高<UIGlow>01</UIGlow><UIForeground>01</UIForeground>特性後，百合花莖量譜會顯示<UIForeground>F201F4</UIForeground><UIGlow>F201F5</UIGlow>血百合<UIGlow>01</UIGlow><UIForeground>01</UIForeground>的狀態。使用需要消耗治療百合的技能，可以使血百合逐漸開放。
當血百合完全開放時，即可發動<UIForeground>F201F4</UIForeground><UIGlow>F201F5</UIGlow>苦難之心<UIGlow>01</UIGlow><UIForeground>01</UIForeground>技能。"
24,"乙太超流量譜"
25,"使用<UIForeground>F201F4</UIForeground><UIGlow>F201F5</UIGlow>乙太超流<UIGlow>01</UIGlow><UIForeground>01</UIForeground>技能後，畫面上會出現專用的<UIForeground>F201F4</UIForeground><UIGlow>F201F5</UIGlow>乙太超流量譜<UIGlow>01</UIGlow><UIForeground>01</UIForeground>，以顯示當前附加的乙太超流量值。"
26,"異想量譜"
27,"學會<UIForeground>F201F4</UIForeground><UIGlow>F201F5</UIGlow>乙太契約<UIGlow>01</UIGlow><UIForeground>01</UIForeground>技能後，畫面上會出現專用的<UIForeground>F201F4</UIForeground><UIGlow>F201F5</UIGlow>異想量譜<UIGlow>01</UIGlow><UIForeground>01</UIForeground>，以顯示當前小仙女的<UIForeground>F201F4</UIForeground><UIGlow>F201F5</UIGlow>異想乙太<UIGlow>01</UIGlow><UIForeground>01</UIForeground>量值。在自身處於戰鬥狀態且小仙女處於同行狀態時，使用消耗乙太超流的<UIForeground>F201F4</UIForeground><UIGlow>F201F5</UIGlow>生命活性法<UIGlow>01</UIGlow><UIForeground>01</UIForeground>和<UIForeground>F201F4</UIForeground><UIGlow>F201F5</UIGlow>深謀遠慮之策<UIGlow>01</UIGlow><UIForeground>01</UIForeground>等技能可以增加異想乙太量值，積累的異想乙太量值可以用來發動<UIForeground>F201F4</UIForeground><UIGlow>F201F5</UIGlow>乙太契約<UIGlow>01</UIGlow><UIForeground>01</UIForeground>技能。"
28,"異想量譜"
29,"學會並使用<UIForeground>F201F4</UIForeground><UIGlow>F201F5</UIGlow>熾天召喚<UIGlow>01</UIGlow><UIForeground>01</UIForeground>技能後，可以暫時召喚出<UIForeground>F201F4</UIForeground><UIGlow>F201F5</UIGlow>熾天使<UIGlow>01</UIGlow><UIForeground>01</UIForeground>替代朝日小仙女和夕月小仙女。
異想量譜會顯示熾天使的剩餘存在時間。"
30,"奧秘量譜"
31,"發動<UIForeground>F201F4</UIForeground><UIGlow>F201F5</UIGlow>抽卡<UIGlow>01</UIGlow><UIForeground>01</UIForeground>技能後，畫面上會出現專用的<UIForeground>F201F4</UIForeground><UIGlow>F201F5</UIGlow>奧秘量譜<UIGlow>01</UIGlow><UIForeground>01</UIForeground>，以顯示當前抽出的卡片。使用抽出的卡片可以獲得各種各樣的效果，同時卡片效果會臨時取代<UIForeground>F201F4</UIForeground><UIGlow>F201F5</UIGlow>出卡<UIGlow>01</UIGlow><UIForeground>01</UIForeground>技能。"
32,"奧秘量譜/星標"
33,"學會<UIForeground>F201F4</UIForeground><UIGlow>F201F5</UIGlow>抽卡效果提高II<UIGlow>01</UIGlow><UIForeground>01</UIForeground>特性後，畫面上會出現專用的<UIForeground>F201F4</UIForeground><UIGlow>F201F5</UIGlow>星標<UIGlow>01</UIGlow><UIForeground>01</UIForeground>。
在戰鬥狀態下使用卡片技能，可以附加<UIForeground>F201F4</UIForeground><UIGlow>F201F5</UIGlow>日<UIGlow>01</UIGlow><UIForeground>01</UIForeground>、<UIForeground>F201F4</UIForeground><UIGlow>F201F5</UIGlow>月<UIGlow>01</UIGlow><UIForeground>01</UIForeground>、<UIForeground>F201F4</UIForeground><UIGlow>F201F5</UIGlow>星<UIGlow>01</UIGlow><UIForeground>01</UIForeground>三種標識中的一種。當標識附加到三個時，即可消耗標識發動<UIForeground>F201F4</UIForeground><UIGlow>F201F5</UIGlow>星力<UIGlow>01</UIGlow><UIForeground>01</UIForeground>技能。"
34,"疾風迅雷量譜"
35,"發動特定的戰技時可以觸發<UIForeground>F201F4</UIForeground><UIGlow>F201F5</UIGlow>疾風迅雷<UIGlow>01</UIGlow><UIForeground>01</UIForeground>狀態。
學會能夠觸發該狀態的技能後，畫面上會出現<UIForeground>F201F4</UIForeground><UIGlow>F201F5</UIGlow>疾風迅雷量譜<UIGlow>01</UIGlow><UIForeground>01</UIForeground>，以顯示當前疾風迅雷狀態的剩餘持續時間和量值。隨著等級提升，量值在<UIForeground>F201F4</UIForeground><UIGlow>F201F5</UIGlow>紅蓮體勢<UIGlow>01</UIGlow><UIForeground>01</UIForeground>和<UIForeground>F201F4</UIForeground><UIGlow>F201F5</UIGlow>金剛體勢<UIGlow>01</UIGlow><UIForeground>01</UIForeground>下最多可以積累到三檔，在<UIForeground>F201F4</UIForeground><UIGlow>F201F5</UIGlow>疾風體勢<UIGlow>01</UIGlow><UIForeground>01</UIForeground>下最多可以積累到四檔，疾風迅雷狀態能夠提升攻擊速度與攻擊所造成的傷害，積累的量值越多，提升的幅度越大。"
36,"鬥氣量譜"
37,"學會<UIForeground>F201F4</UIForeground><UIGlow>F201F5</UIGlow>鬥氣<UIGlow>01</UIGlow><UIForeground>01</UIForeground>技能後，畫面上會出現專用的<UIForeground>F201F4</UIForeground><UIGlow>F201F5</UIGlow>鬥氣量譜<UIGlow>01</UIGlow><UIForeground>01</UIForeground>，以顯示當前的<UIForeground>F201F4</UIForeground><UIGlow>F201F5</UIGlow>鬥氣<UIGlow>01</UIGlow><UIForeground>01</UIForeground>量值。
鬥氣量值累計到最大後，可以發動<UIForeground>F201F4</UIForeground><UIGlow>F201F5</UIGlow>鐵山靠<UIGlow>01</UIGlow><UIForeground>01</UIForeground>和40級學會的<UIForeground>F201F4</UIForeground><UIGlow>F201F5</UIGlow>空鳴拳<UIGlow>01</UIGlow><UIForeground>01</UIForeground>技能。"
38,"疾風迅雷量譜"
39,"學會<UIForeground>F201F4</UIForeground><UIGlow>F201F5</UIGlow>無我<UIGlow>01</UIGlow><UIForeground>01</UIForeground>技能後，可以將<UIForeground>F201F4</UIForeground><UIGlow>F201F5</UIGlow>疾風迅雷<UIGlow>01</UIGlow><UIForeground>01</UIForeground>的持續時間暫時停止。
疾風迅雷持續時間停止時，表示時間的數值會不斷閃爍。戰鬥狀態下使用無我，會在無我持續生效的期間，一檔一檔連續附加疾風迅雷狀態，直至最大檔數。"
40,"龍血量譜"
41,"學會<UIForeground>F201F4</UIForeground><UIGlow>F201F5</UIGlow>紅蓮龍血<UIGlow>01</UIGlow><UIForeground>01</UIForeground>特性後，畫面上會出現用於表示<UIForeground>F201F4</UIForeground><UIGlow>F201F5</UIGlow>巨龍怒目<UIGlow>01</UIGlow><UIForeground>01</UIForeground>賦予狀態的<UIForeground>F201F4</UIForeground><UIGlow>F201F5</UIGlow>龍血量譜<UIGlow>01</UIGlow><UIForeground>01</UIForeground>。
每次使用<UIForeground>F201F4</UIForeground><UIGlow>F201F5</UIGlow>幻象衝<UIGlow>01</UIGlow><UIForeground>01</UIForeground>都可以賦予一檔<UIForeground>F201F4</UIForeground><UIGlow>F201F5</UIGlow>巨龍怒目<UIGlow>01</UIGlow><UIForeground>01</UIForeground>。
當巨龍怒目積攢到最大的二檔時使用<UIForeground>F201F4</UIForeground><UIGlow>F201F5</UIGlow>武神槍<UIGlow>01</UIGlow><UIForeground>01</UIForeground>會自動發動<UIForeground>F201F4</UIForeground><UIGlow>F201F5</UIGlow>紅蓮龍血<UIGlow>01</UIGlow><UIForeground>01</UIForeground>。
紅蓮龍血狀態下可以使用強力的<UIForeground>F201F4</UIForeground><UIGlow>F201F5</UIGlow>死者之岸<UIGlow>01</UIGlow><UIForeground>01</UIForeground>和80級學會的<UIForeground>F201F4</UIForeground><UIGlow>F201F5</UIGlow>墜星衝<UIGlow>01</UIGlow><UIForeground>01</UIForeground>技能。"
42,"龍血量譜"
43,"學會<UIForeground>F201F4</UIForeground><UIGlow>F201F5</UIGlow>長槍精通IV<UIGlow>01</UIGlow><UIForeground>01</UIForeground>特性後，在每次使用<UIForeground>F201F4</UIForeground><UIGlow>F201F5</UIGlow>龍眼雷電<UIGlow>01</UIGlow><UIForeground>01</UIForeground>以及<UIForeground>F201F4</UIForeground><UIGlow>F201F5</UIGlow>龍眼蒼穹<UIGlow>01</UIGlow><UIForeground>01</UIForeground>時都會賦予一檔<UIForeground>F201F4</UIForeground><UIGlow>F201F5</UIGlow>天龍眼<UIGlow>01</UIGlow><UIForeground>01</UIForeground>。
當天龍眼積攢到最大檔數時，可以發動<UIForeground>F201F4</UIForeground><UIGlow>F201F5</UIGlow>天龍點睛<UIGlow>01</UIGlow><UIForeground>01</UIForeground>技能。"
44,""
45,"風遁量譜"
46,"學會三種結印手勢後即可發動<UIForeground>F201F4</UIForeground><UIGlow>F201F5</UIGlow>風遁之術<UIGlow>01</UIGlow><UIForeground>01</UIForeground>。
發動之後畫面上會出現專用的<UIForeground>F201F4</UIForeground><UIGlow>F201F5</UIGlow>風遁量譜<UIGlow>01</UIGlow><UIForeground>01</UIForeground>，以顯示風遁之術的剩餘持續時間。"
47,"忍氣量譜"
48,"學會<UIForeground>F201F4</UIForeground><UIGlow>F201F5</UIGlow>集氣法<UIGlow>01</UIGlow><UIForeground>01</UIForeground>特性後，畫面上會出現專用的<UIForeground>F201F4</UIForeground><UIGlow>F201F5</UIGlow>忍氣量譜<UIGlow>01</UIGlow><UIForeground>01</UIForeground>，以顯示<UIForeground>F201F4</UIForeground><UIGlow>F201F5</UIGlow>忍氣<UIGlow>01</UIGlow><UIForeground>01</UIForeground>量值的積累狀況。忍氣可以通過使用戰技來進行積累，積累的忍氣可以用來發動62級學會的<UIForeground>F201F4</UIForeground><UIGlow>F201F5</UIGlow>通靈之術·大蛤蟆<UIGlow>01</UIGlow><UIForeground>01</UIForeground>和68級學會的<UIForeground>F201F4</UIForeground><UIGlow>F201F5</UIGlow>六道輪迴<UIGlow>01</UIGlow><UIForeground>01</UIForeground>技能。"
49,"雪月花量譜"
50,"武士的<UIForeground>F201F4</UIForeground><UIGlow>F201F5</UIGlow>雪月花量譜<UIGlow>01</UIGlow><UIForeground>01</UIForeground>可以顯示當前<UIForeground>F201F4</UIForeground><UIGlow>F201F5</UIGlow>雪之閃<UIGlow>01</UIGlow><UIForeground>01</UIForeground>、<UIForeground>F201F4</UIForeground><UIGlow>F201F5</UIGlow>月之閃<UIGlow>01</UIGlow><UIForeground>01</UIForeground>、<UIForeground>F201F4</UIForeground><UIGlow>F201F5</UIGlow>花之閃<UIGlow>01</UIGlow><UIForeground>01</UIForeground>的觸發狀況。
這三種<UIForeground>F201F4</UIForeground><UIGlow>F201F5</UIGlow>閃<UIGlow>01</UIGlow><UIForeground>01</UIForeground>可以通過發動特定的連擊來觸發，根據閃的觸發狀況不同，<UIForeground>F201F4</UIForeground><UIGlow>F201F5</UIGlow>居合術<UIGlow>01</UIGlow><UIForeground>01</UIForeground>將變為<UIForeground>F201F4</UIForeground><UIGlow>F201F5</UIGlow>彼岸花<UIGlow>01</UIGlow><UIForeground>01</UIForeground>、<UIForeground>F201F4</UIForeground><UIGlow>F201F5</UIGlow>天下五劍<UIGlow>01</UIGlow><UIForeground>01</UIForeground>、<UIForeground>F201F4</UIForeground><UIGlow>F201F5</UIGlow>紛亂雪月花<UIGlow>01</UIGlow><UIForeground>01</UIForeground>這三個不同的技能。"
51,"劍氣量譜"
52,"學會<UIForeground>F201F4</UIForeground><UIGlow>F201F5</UIGlow>劍氣精通<UIGlow>01</UIGlow><UIForeground>01</UIForeground>特性後，畫面上會出現專用的<UIForeground>F201F4</UIForeground><UIGlow>F201F5</UIGlow>劍氣量譜<UIGlow>01</UIGlow><UIForeground>01</UIForeground>，以顯示<UIForeground>F201F4</UIForeground><UIGlow>F201F5</UIGlow>劍氣<UIGlow>01</UIGlow><UIForeground>01</UIForeground>量值的積累狀況。
劍氣量值可以通過發動戰技或心眼成功時來進行積累。通過消耗積累的劍氣量值可用來發動52級學會的<UIForeground>F201F4</UIForeground><UIGlow>F201F5</UIGlow>必殺劍·震天<UIGlow>01</UIGlow><UIForeground>01</UIForeground>、54級學會的<UIForeground>F201F4</UIForeground><UIGlow>F201F5</UIGlow>必殺劍·曉天<UIGlow>01</UIGlow><UIForeground>01</UIForeground>、70級學會的<UIForeground>F201F4</UIForeground><UIGlow>F201F5</UIGlow>必殺劍·紅蓮<UIGlow>01</UIGlow><UIForeground>01</UIForeground>等與必殺劍相關的技能。"
53,"戰歌量譜"
54,"發動<UIForeground>F201F4</UIForeground><UIGlow>F201F5</UIGlow>賢者的敘事謠<UIGlow>01</UIGlow><UIForeground>01</UIForeground>技能後，畫面上會出現專用的<UIForeground>F201F4</UIForeground><UIGlow>F201F5</UIGlow>戰歌量譜<UIGlow>01</UIGlow><UIForeground>01</UIForeground>，以顯示當前戰歌的剩餘持續時間。
在戰歌效果中，有一定機率觸發<UIForeground>F201F4</UIForeground><UIGlow>F201F5</UIGlow>詩心<UIGlow>01</UIGlow><UIForeground>01</UIForeground>，
以縮短<UIForeground>F201F4</UIForeground><UIGlow>F201F5</UIGlow>失血箭<UIGlow>01</UIGlow><UIForeground>01</UIForeground>與45級學會的<UIForeground>F201F4</UIForeground><UIGlow>F201F5</UIGlow>死亡箭雨<UIGlow>01</UIGlow><UIForeground>01</UIForeground>的複唱時間。"
55,"當<UIForeground>F201F4</UIForeground><UIGlow>F201F5</UIGlow>毒咬箭（烈毒咬箭）<UIGlow>01</UIGlow><UIForeground>01</UIForeground>和<UIForeground>F201F4</UIForeground><UIGlow>F201F5</UIGlow>風蝕箭（狂風蝕箭）<UIGlow>01</UIGlow><UIForeground>01</UIForeground>的持續傷害命中時，詩心效果有一定機率會被觸發。在戰歌中觸發詩心可以大幅提高詩人的攻擊力。"
56,"發動<UIForeground>F201F4</UIForeground><UIGlow>F201F5</UIGlow>軍神的讚美歌<UIGlow>01</UIGlow><UIForeground>01</UIForeground>技能後，畫面上會出現專用的<UIForeground>F201F4</UIForeground><UIGlow>F201F5</UIGlow>戰歌量譜<UIGlow>01</UIGlow><UIForeground>01</UIForeground>，以顯示當前戰歌的剩餘持續時間。
在戰歌效果中，有一定機率觸發<UIForeground>F201F4</UIForeground><UIGlow>F201F5</UIGlow>詩心<UIGlow>01</UIGlow><UIForeground>01</UIForeground>，詩心量值由戰歌量譜下方的音符標識表示，最多可以積累到四檔。詩心能夠提升攻擊速度，積累的量值越多，提升的幅度越大。"
57,"發動<UIForeground>F201F4</UIForeground><UIGlow>F201F5</UIGlow>放浪神的小步舞曲<UIGlow>01</UIGlow><UIForeground>01</UIForeground>技能後，畫面上會出現專用的<UIForeground>F201F4</UIForeground><UIGlow>F201F5</UIGlow>戰歌量譜<UIGlow>01</UIGlow><UIForeground>01</UIForeground>，以顯示當前戰歌的剩餘持續時間。
在戰歌效果中，有一定機率觸發<UIForeground>F201F4</UIForeground><UIGlow>F201F5</UIGlow>詩心<UIGlow>01</UIGlow><UIForeground>01</UIForeground>，詩心量值由戰歌量譜下方的箭頭標識表示，最多可以積累到三檔。消耗詩心可以發動<UIForeground>F201F4</UIForeground><UIGlow>F201F5</UIGlow>完美音調<UIGlow>01</UIGlow><UIForeground>01</UIForeground>技能。"
58,"靈魂之聲量譜"
59,"學會<UIForeground>F201F4</UIForeground><UIGlow>F201F5</UIGlow>靈魂之聲<UIGlow>01</UIGlow><UIForeground>01</UIForeground>特性後，畫面上會出現專用的<UIForeground>F201F4</UIForeground><UIGlow>F201F5</UIGlow>靈魂之聲量譜<UIGlow>01</UIGlow><UIForeground>01</UIForeground>，以顯示當前<UIForeground>F201F4</UIForeground><UIGlow>F201F5</UIGlow>靈魂之聲<UIGlow>01</UIGlow><UIForeground>01</UIForeground>的具體量值。
觸發詩心可以增加靈魂之聲量值，消耗積累的靈魂之聲量值可以發動<UIForeground>F201F4</UIForeground><UIGlow>F201F5</UIGlow>絕峰箭<UIGlow>01</UIGlow><UIForeground>01</UIForeground>技能。"
60,"機工量譜"
61,"畫面上出現的<UIForeground>F201F4</UIForeground><UIGlow>F201F5</UIGlow>槍管熱度量譜<UIGlow>01</UIGlow><UIForeground>01</UIForeground>可以顯示槍管的<UIForeground>F201F4</UIForeground><UIGlow>F201F5</UIGlow>熱度<UIGlow>01</UIGlow><UIForeground>01</UIForeground>量值積累狀況，使用特定的戰技會導致槍管的熱度上升。
熱度量值積累到一定程度之後使用<UIForeground>F201F4</UIForeground><UIGlow>F201F5</UIGlow>超荷<UIGlow>01</UIGlow><UIForeground>01</UIForeground>技能，會進入過熱狀態。
35級學會的<UIForeground>F201F4</UIForeground><UIGlow>F201F5</UIGlow>熱衝擊<UIGlow>01</UIGlow><UIForeground>01</UIForeground>和52級學會的<UIForeground>F201F4</UIForeground><UIGlow>F201F5</UIGlow>自動弩<UIGlow>01</UIGlow><UIForeground>01</UIForeground>需要在過熱狀態下才可以發動。"
62,"機工量譜"
63,"學會<UIForeground>F201F4</UIForeground><UIGlow>F201F5</UIGlow>車式浮空砲塔<UIGlow>01</UIGlow><UIForeground>01</UIForeground>技能後，畫面上會出現專用的<UIForeground>F201F4</UIForeground><UIGlow>F201F5</UIGlow>電能量譜<UIGlow>01</UIGlow><UIForeground>01</UIForeground>。
使用特定技能可以積累<UIForeground>F201F4</UIForeground><UIGlow>F201F5</UIGlow>電能<UIGlow>01</UIGlow><UIForeground>01</UIForeground>的量值。發動<UIForeground>F201F4</UIForeground><UIGlow>F201F5</UIGlow>車式浮空砲塔<UIGlow>01</UIGlow><UIForeground>01</UIForeground>技能後，可以設定<UIForeground>F201F4</UIForeground><UIGlow>F201F5</UIGlow>砲塔<UIGlow>01</UIGlow><UIForeground>01</UIForeground>配合自己攻擊敵人。消耗電能發動80級學會的<UIForeground>F201F4</UIForeground><UIGlow>F201F5</UIGlow>后式自走人偶<UIGlow>01</UIGlow><UIForeground>01</UIForeground>技能，可以召喚出<UIForeground>F201F4</UIForeground><UIGlow>F201F5</UIGlow>后式自走人偶<UIGlow>01</UIGlow><UIForeground>01</UIForeground>與自己共同作戰。"
64,"元素量譜"
65,"使用<UIForeground>F201F4</UIForeground><UIGlow>F201F5</UIGlow>火屬性<UIGlow>01</UIGlow><UIForeground>01</UIForeground>魔法後會進入<UIForeground>F201F4</UIForeground><UIGlow>F201F5</UIGlow>星極火<UIGlow>01</UIGlow><UIForeground>01</UIForeground>狀態，
此時火屬性魔法威力會有所提升，不過消耗魔力也會增加。
使用<UIForeground>F201F4</UIForeground><UIGlow>F201F5</UIGlow>冰屬性<UIGlow>01</UIGlow><UIForeground>01</UIForeground>魔法後會進入<UIForeground>F201F4</UIForeground><UIGlow>F201F5</UIGlow>靈極冰<UIGlow>01</UIGlow><UIForeground>01</UIForeground>狀態，
此時魔力的自然恢復速度會大幅提升。
當處於<UIForeground>F201F4</UIForeground><UIGlow>F201F5</UIGlow>星極火<UIGlow>01</UIGlow><UIForeground>01</UIForeground>或<UIForeground>F201F4</UIForeground><UIGlow>F201F5</UIGlow>靈極冰<UIGlow>01</UIGlow><UIForeground>01</UIForeground>狀態時，
詠唱相反屬性魔法將不消耗魔力。"
66,"在星極火或靈極冰狀態下將會發動<UIForeground>F201F4</UIForeground><UIGlow>F201F5</UIGlow>天語<UIGlow>01</UIGlow><UIForeground>01</UIForeground>特性，發動後在元素量譜的右下側將顯示天語的賦予狀況。
在天語效果中，攻擊魔法造成的傷害會有所提升，
星極火或靈極冰的狀態消失時，天語也會一同消失。"
67,"詠唱<UIForeground>F201F4</UIForeground><UIGlow>F201F5</UIGlow>玄冰<UIGlow>01</UIGlow><UIForeground>01</UIForeground>或<UIForeground>F201F4</UIForeground><UIGlow>F201F5</UIGlow>冰澈<UIGlow>01</UIGlow><UIForeground>01</UIForeground>魔法後，元素量譜的左下側會出現顯示<UIForeground>F201F4</UIForeground><UIGlow>F201F5</UIGlow>靈極心<UIGlow>01</UIGlow><UIForeground>01</UIForeground>量值的標識。消耗靈極心能夠抵消星極火效果中<UIForeground>F201F4</UIForeground><UIGlow>F201F5</UIGlow>火系<UIGlow>01</UIGlow><UIForeground>01</UIForeground>魔法增加的魔力消耗。在星極火狀態下，每發動一次火系魔法都會自動消耗一檔靈極心。"
68,"<UIForeground>F201F4</UIForeground><UIGlow>F201F5</UIGlow>天語<UIGlow>01</UIGlow><UIForeground>01</UIForeground>特性發動後，每經過30秒可以附加一次<UIForeground>F201F4</UIForeground><UIGlow>F201F5</UIGlow>通曉<UIGlow>01</UIGlow><UIForeground>01</UIForeground>狀態，隨之點亮量譜下方的水晶。元素量譜右下側的計時指針代表著發動天語後經過的時間，指針每次從頭走到尾需要30秒。"
69,"學會<UIForeground>F201F4</UIForeground><UIGlow>F201F5</UIGlow>通曉效果提高<UIGlow>01</UIGlow><UIForeground>01</UIForeground>特性後，通曉狀態的最大檔數達到了二檔。
<UIForeground>F201F4</UIForeground><UIGlow>F201F5</UIGlow>天語<UIGlow>01</UIGlow><UIForeground>01</UIForeground>特性發動後，每經過30秒可以附加一次<UIForeground>F201F4</UIForeground><UIGlow>F201F5</UIGlow>通曉<UIGlow>01</UIGlow><UIForeground>01</UIForeground>狀態，隨之點亮量譜下方的水晶。元素量譜右下側的計時指針代表著發動天語後經過的時間，指針每次從頭走到尾需要30秒。"
70,"乙太超流量譜"
71,"學會<UIForeground>F201F4</UIForeground><UIGlow>F201F5</UIGlow>能量吸收<UIGlow>01</UIGlow><UIForeground>01</UIForeground>技能後，畫面上會出現專用的<UIForeground>F201F4</UIForeground><UIGlow>F201F5</UIGlow>乙太超流量譜<UIGlow>01</UIGlow><UIForeground>01</UIForeground>，以顯示當前附加的乙太超流量值。"
72,"同調量譜"
73,"學會<UIForeground>F201F4</UIForeground><UIGlow>F201F5</UIGlow>乙太蓄能<UIGlow>01</UIGlow><UIForeground>01</UIForeground>技能後，畫面上會出現專用的<UIForeground>F201F4</UIForeground><UIGlow>F201F5</UIGlow>同調量譜<UIGlow>01</UIGlow><UIForeground>01</UIForeground>，以顯示乙太蓄能的剩餘持續時間。
使用乙太蓄能後將附加<UIForeground>F201F4</UIForeground><UIGlow>F201F5</UIGlow>紅寶石的奧秘<UIGlow>01</UIGlow><UIForeground>01</UIForeground>、<UIForeground>F201F4</UIForeground><UIGlow>F201F5</UIGlow>黃寶石的奧秘<UIGlow>01</UIGlow><UIForeground>01</UIForeground>、<UIForeground>F201F4</UIForeground><UIGlow>F201F5</UIGlow>綠寶石的奧秘<UIGlow>01</UIGlow><UIForeground>01</UIForeground>三種寶石。
可以通過消耗以上三種寶石使用<UIForeground>F201F4</UIForeground><UIGlow>F201F5</UIGlow>火神召喚<UIGlow>01</UIGlow><UIForeground>01</UIForeground>、<UIForeground>F201F4</UIForeground><UIGlow>F201F5</UIGlow>黃寶石召喚<UIGlow>01</UIGlow><UIForeground>01</UIForeground>、<UIForeground>F201F4</UIForeground><UIGlow>F201F5</UIGlow>綠寶石召喚<UIGlow>01</UIGlow><UIForeground>01</UIForeground>技能來召喚出三種召喚獸。"
74,"召喚出召喚獸後，將根據不同的召喚獸對自身附加不同的<UIForeground>F201F4</UIForeground><UIGlow>F201F5</UIGlow>乙太<UIGlow>01</UIGlow><UIForeground>01</UIForeground>
同調量譜上會顯示目前的乙太檔數以及剩餘時間。
技能<UIForeground>F201F4</UIForeground><UIGlow>F201F5</UIGlow>寶石耀<UIGlow>01</UIGlow><UIForeground>01</UIForeground>和26級學會的<UIForeground>F201F4</UIForeground><UIGlow>F201F5</UIGlow>寶石輝<UIGlow>01</UIGlow><UIForeground>01</UIForeground>的效果會根據附加乙太的不同而發生變化。"
75,"學會<UIForeground>F201F4</UIForeground><UIGlow>F201F5</UIGlow>乙太蓄能精通<UIGlow>01</UIGlow><UIForeground>01</UIForeground>特性後，畫面上會出現專用的<UIForeground>F201F4</UIForeground><UIGlow>F201F5</UIGlow>同調量譜<UIGlow>01</UIGlow><UIForeground>01</UIForeground>以顯示龍神附體的剩餘持續時間。
使用<UIForeground>F201F4</UIForeground><UIGlow>F201F5</UIGlow>龍神附體<UIGlow>01</UIGlow><UIForeground>01</UIForeground>技能後，將會在<UIForeground>F201F4</UIForeground><UIGlow>F201F5</UIGlow>同調量譜<UIGlow>01</UIGlow><UIForeground>01</UIForeground>上附加<UIForeground>F201F4</UIForeground><UIGlow>F201F5</UIGlow>紅寶石的奧秘<UIGlow>01</UIGlow><UIForeground>01</UIForeground>、
<UIForeground>F201F4</UIForeground><UIGlow>F201F5</UIGlow>黃寶石的奧秘<UIGlow>01</UIGlow><UIForeground>01</UIForeground>、<UIForeground>F201F4</UIForeground><UIGlow>F201F5</UIGlow>綠寶石的奧秘<UIGlow>01</UIGlow><UIForeground>01</UIForeground>三種寶石。
此外龍神附體狀態中，技能毀蕩將變化為<UIForeground>F201F4</UIForeground><UIGlow>F201F5</UIGlow>星極脈衝<UIGlow>01</UIGlow><UIForeground>01</UIForeground>，技能迸裂將變化成<UIForeground>F201F4</UIForeground><UIGlow>F201F5</UIGlow>星極核爆<UIGlow>01</UIGlow><UIForeground>01</UIForeground>。"
76,"召喚出召喚獸後，將根據不同的召喚獸對自身附加不同的<UIForeground>F201F4</UIForeground><UIGlow>F201F5</UIGlow>乙太<UIGlow>01</UIGlow><UIForeground>01</UIForeground>
同調量譜上會顯示目前的乙太檔數以及剩餘時間。
技能<UIForeground>F201F4</UIForeground><UIGlow>F201F5</UIGlow>寶石耀<UIGlow>01</UIGlow><UIForeground>01</UIForeground>和<UIForeground>F201F4</UIForeground><UIGlow>F201F5</UIGlow>寶石輝<UIGlow>01</UIGlow><UIForeground>01</UIForeground>的效果會根據附加乙太的不同而發生變化。"
77,"附體深度"
78,"舞步量譜"
79,"學會<UIForeground>F201F4</UIForeground><UIGlow>F201F5</UIGlow>標準舞步<UIGlow>01</UIGlow><UIForeground>01</UIForeground>技能後，畫面上會出現專用的<UIForeground>F201F4</UIForeground><UIGlow>F201F5</UIGlow>舞步量譜<UIGlow>01</UIGlow><UIForeground>01</UIForeground>。使用標準舞步可以進入<UIForeground>F201F4</UIForeground><UIGlow>F201F5</UIGlow>跳舞模式<UIGlow>01</UIGlow><UIForeground>01</UIForeground>。
在跳舞模式中按照正確順序使用舞步量譜顯示的<UIForeground>F201F4</UIForeground><UIGlow>F201F5</UIGlow>舞步技能<UIGlow>01</UIGlow><UIForeground>01</UIForeground>，再使用臨時取代標準舞步的<UIForeground>F201F4</UIForeground><UIGlow>F201F5</UIGlow>標準舞步結束<UIGlow>01</UIGlow><UIForeground>01</UIForeground>，可以提高自己用<UIForeground>F201F4</UIForeground><UIGlow>F201F5</UIGlow>閉式舞姿<UIGlow>01</UIGlow><UIForeground>01</UIForeground>選擇的小隊隊員以及自身所造成的傷害。
舞步量譜的下方將顯示跳舞效果的剩餘持續時間。"
80,"幻扇量譜"
81,"學會<UIForeground>F201F4</UIForeground><UIGlow>F201F5</UIGlow>幻扇<UIGlow>01</UIGlow><UIForeground>01</UIForeground>特性後，畫面上會出現專用的<UIForeground>F201F4</UIForeground><UIGlow>F201F5</UIGlow>幻扇量譜<UIGlow>01</UIGlow><UIForeground>01</UIForeground>，以顯示當前附加的<UIForeground>F201F4</UIForeground><UIGlow>F201F5</UIGlow>幻扇<UIGlow>01</UIGlow><UIForeground>01</UIForeground>量值。
使用<UIForeground>F201F4</UIForeground><UIGlow>F201F5</UIGlow>逆瀑瀉<UIGlow>01</UIGlow><UIForeground>01</UIForeground>和<UIForeground>F201F4</UIForeground><UIGlow>F201F5</UIGlow>升風車<UIGlow>01</UIGlow><UIForeground>01</UIForeground>等技能會附加幻扇狀態，最多可以積累到四檔。發動<UIForeground>F201F4</UIForeground><UIGlow>F201F5</UIGlow>扇舞·序<UIGlow>01</UIGlow><UIForeground>01</UIForeground>或50級學會的<UIForeground>F201F4</UIForeground><UIGlow>F201F5</UIGlow>扇舞·破<UIGlow>01</UIGlow><UIForeground>01</UIForeground>需要消耗一檔幻扇量值。"
82,"舞步量譜"
83,"學會並使用<UIForeground>F201F4</UIForeground><UIGlow>F201F5</UIGlow>技巧舞步<UIGlow>01</UIGlow><UIForeground>01</UIForeground>技能後，<UIForeground>F201F4</UIForeground><UIGlow>F201F5</UIGlow>舞步量譜<UIGlow>01</UIGlow><UIForeground>01</UIForeground>上會顯示四種舞步技能。
與標準舞步一樣，按照正確順序使用舞步技能，再使用臨時取代技巧舞步的<UIForeground>F201F4</UIForeground><UIGlow>F201F5</UIGlow>技巧舞步結束<UIGlow>01</UIGlow><UIForeground>01</UIForeground>，可以提高周圍的小隊隊員與自身所造成的傷害。"
84,"幻扇量譜/伶俐量譜"
85,"學會<UIForeground>F201F4</UIForeground><UIGlow>F201F5</UIGlow>伶俐<UIGlow>01</UIGlow><UIForeground>01</UIForeground>特性後，<UIForeground>F201F4</UIForeground><UIGlow>F201F5</UIGlow>幻扇量譜<UIGlow>01</UIGlow><UIForeground>01</UIForeground>上會出現<UIForeground>F201F4</UIForeground><UIGlow>F201F5</UIGlow>伶俐量譜<UIGlow>01</UIGlow><UIForeground>01</UIForeground>，以顯示伶俐量值的積累狀況。
當自身與小隊隊員附加了<UIForeground>F201F4</UIForeground><UIGlow>F201F5</UIGlow>標準舞步結束<UIGlow>01</UIGlow><UIForeground>01</UIForeground>和<UIForeground>F201F4</UIForeground><UIGlow>F201F5</UIGlow>技巧舞步結束<UIGlow>01</UIGlow><UIForeground>01</UIForeground>的追加狀態<UIForeground>F201F4</UIForeground><UIGlow>F201F5</UIGlow>伶俐<UIGlow>01</UIGlow><UIForeground>01</UIForeground>之後，發動戰技或魔法時，會積累伶俐量值。積累的伶俐量值可以用來發動<UIForeground>F201F4</UIForeground><UIGlow>F201F5</UIGlow>劍舞<UIGlow>01</UIGlow><UIForeground>01</UIForeground>技能。"
86,"平衡量譜"
87,"赤魔法師有著獨特的魔法體系，<UIForeground>F201F4</UIForeground><UIGlow>F201F5</UIGlow>平衡量譜<UIGlow>01</UIGlow><UIForeground>01</UIForeground>可以顯示其魔力源泉的<UIForeground>F201F4</UIForeground><UIGlow>F201F5</UIGlow>白魔元<UIGlow>01</UIGlow><UIForeground>01</UIForeground>與<UIForeground>F201F4</UIForeground><UIGlow>F201F5</UIGlow>黑魔元<UIGlow>01</UIGlow><UIForeground>01</UIForeground>各自的量值。使用特定魔法可以積累魔元量值，不同魔法對兩種魔元的積累效果會有所不同。當積累到一定程度後，<UIForeground>F201F4</UIForeground><UIGlow>F201F5</UIGlow>回刺<UIGlow>01</UIGlow><UIForeground>01</UIForeground>等特定技能將被替換為<UIForeground>F201F4</UIForeground><UIGlow>F201F5</UIGlow>魔回刺<UIGlow>01</UIGlow><UIForeground>01</UIForeground>等威力更大的技能。"
88,"另外，當白魔元與黑魔元差距過大時，平衡量譜上方的水晶會改變顏色，較少一方的魔元積累效率會降低。
因此積累魔元時一定要注意黑與白的平衡，這樣才能更有效地提高攻擊力。"
89,"晶壤量譜"
90,"開啟<UIForeground>F201F4</UIForeground><UIGlow>F201F5</UIGlow>王室親衛<UIGlow>01</UIGlow><UIForeground>01</UIForeground>技能後，畫面上會出現顯示該技能使用狀態的量譜。
想要集中仇恨時，建議使用王室親衛。"
91,"晶壤量譜"
92,"學會<UIForeground>F201F4</UIForeground><UIGlow>F201F5</UIGlow>晶壤裝填<UIGlow>01</UIGlow><UIForeground>01</UIForeground>特性後，畫面上會出現專用的<UIForeground>F201F4</UIForeground><UIGlow>F201F5</UIGlow>晶壤量譜<UIGlow>01</UIGlow><UIForeground>01</UIForeground>，以顯示當前<UIForeground>F201F4</UIForeground><UIGlow>F201F5</UIGlow>晶壤<UIGlow>01</UIGlow><UIForeground>01</UIForeground>的具體量值。
當<UIForeground>F201F4</UIForeground><UIGlow>F201F5</UIGlow>迅連斬<UIGlow>01</UIGlow><UIForeground>01</UIForeground>和40級學會的<UIForeground>F201F4</UIForeground><UIGlow>F201F5</UIGlow>惡魔殺<UIGlow>01</UIGlow><UIForeground>01</UIForeground>連擊成功時可以獲得一檔晶壤，發動<UIForeground>F201F4</UIForeground><UIGlow>F201F5</UIGlow>爆發擊<UIGlow>01</UIGlow><UIForeground>01</UIForeground>或60級學會的<UIForeground>F201F4</UIForeground><UIGlow>F201F5</UIGlow>烈牙<UIGlow>01</UIGlow><UIForeground>01</UIForeground>技能時需要消耗一檔晶壤。"
93,"學會<UIForeground>F201F4</UIForeground><UIGlow>F201F5</UIGlow>龍神附體效果提高<UIGlow>01</UIGlow><UIForeground>01</UIForeground>特性後，使用<UIForeground>F201F4</UIForeground><UIGlow>F201F5</UIGlow>龍神召喚<UIGlow>01</UIGlow><UIForeground>01</UIForeground>技能便會出現<UIForeground>F201F4</UIForeground><UIGlow>F201F5</UIGlow>亞靈神巴哈姆特<UIGlow>01</UIGlow><UIForeground>01</UIForeground>。
在召喚亞靈神巴哈姆特後，<UIForeground>F201F4</UIForeground><UIGlow>F201F5</UIGlow>同調量譜<UIGlow>01</UIGlow><UIForeground>01</UIForeground>上會顯示亞靈神巴哈姆特的剩餘顯現時間。
使用<UIForeground>F201F4</UIForeground><UIGlow>F201F5</UIGlow>龍神召喚<UIGlow>01</UIGlow><UIForeground>01</UIForeground>技能，將會在<UIForeground>F201F4</UIForeground><UIGlow>F201F5</UIGlow>同調量譜<UIGlow>01</UIGlow><UIForeground>01</UIForeground>上附加<UIForeground>F201F4</UIForeground><UIGlow>F201F5</UIGlow>紅寶石的奧秘<UIGlow>01</UIGlow><UIForeground>01</UIForeground>、
<UIForeground>F201F4</UIForeground><UIGlow>F201F5</UIGlow>黃寶石的奧秘<UIGlow>01</UIGlow><UIForeground>01</UIForeground>、<UIForeground>F201F4</UIForeground><UIGlow>F201F5</UIGlow>綠寶石的奧秘<UIGlow>01</UIGlow><UIForeground>01</UIForeground>三種寶石。
此外龍神附體狀態中，技能毀蕩將變化為<UIForeground>F201F4</UIForeground><UIGlow>F201F5</UIGlow>星極脈衝<UIGlow>01</UIGlow><UIForeground>01</UIForeground>，技能迸裂將變化成<UIForeground>F201F4</UIForeground><UIGlow>F201F5</UIGlow>星極核爆<UIGlow>01</UIGlow><UIForeground>01</UIForeground>，技能星極超流將變化成<UIForeground>F201F4</UIForeground><UIGlow>F201F5</UIGlow>死星核爆<UIGlow>01</UIGlow><UIForeground>01</UIForeground>。"
94,"學會<UIForeground>F201F4</UIForeground><UIGlow>F201F5</UIGlow>照破<UIGlow>01</UIGlow><UIForeground>01</UIForeground>技能後，畫面上會出現顯示<UIForeground>F201F4</UIForeground><UIGlow>F201F5</UIGlow>劍壓<UIGlow>01</UIGlow><UIForeground>01</UIForeground>積蓄狀態的<UIForeground>F201F4</UIForeground><UIGlow>F201F5</UIGlow>劍壓量譜<UIGlow>01</UIGlow><UIForeground>01</UIForeground>。
使用<UIForeground>F201F4</UIForeground><UIGlow>F201F5</UIGlow>居合術<UIGlow>01</UIGlow><UIForeground>01</UIForeground>、<UIForeground>F201F4</UIForeground><UIGlow>F201F5</UIGlow>默想<UIGlow>01</UIGlow><UIForeground>01</UIForeground>和90級學會的<UIForeground>F201F4</UIForeground><UIGlow>F201F5</UIGlow>奧義斬浪<UIGlow>01</UIGlow><UIForeground>01</UIForeground>可以獲得劍壓，使用<UIForeground>F201F4</UIForeground><UIGlow>F201F5</UIGlow>照破<UIGlow>01</UIGlow><UIForeground>01</UIForeground>可以消耗劍壓。"
95,"學會<UIForeground>F201F4</UIForeground><UIGlow>F201F5</UIGlow>鬥氣<UIGlow>01</UIGlow><UIForeground>01</UIForeground>技能後，畫面上會出現顯示<UIForeground>F201F4</UIForeground><UIGlow>F201F5</UIGlow>鬥氣<UIGlow>01</UIGlow><UIForeground>01</UIForeground>積蓄狀態的<UIForeground>F201F4</UIForeground><UIGlow>F201F5</UIGlow>鬥氣量譜<UIGlow>01</UIGlow><UIForeground>01</UIForeground>。
鬥氣積攢到最大檔時，可以使用<UIForeground>F201F4</UIForeground><UIGlow>F201F5</UIGlow>鐵山靠<UIGlow>01</UIGlow><UIForeground>01</UIForeground>技能。"
96,"必殺技量譜"
97,"學會<UIForeground>F201F4</UIForeground><UIGlow>F201F5</UIGlow>震腳效果提高<UIGlow>01</UIGlow><UIForeground>01</UIForeground>特性後，畫面上會出現<UIForeground>F201F4</UIForeground><UIGlow>F201F5</UIGlow>必殺技量譜<UIGlow>01</UIGlow><UIForeground>01</UIForeground>和<UIForeground>F201F4</UIForeground><UIGlow>F201F5</UIGlow>陰陽鬥氣<UIGlow>01</UIGlow><UIForeground>01</UIForeground>。
震腳狀態中使用戰技,會對附加<UIForeground>F201F4</UIForeground><UIGlow>F201F5</UIGlow>脈輪<UIGlow>01</UIGlow><UIForeground>01</UIForeground>。
脈輪共有三種，分別為<UIForeground>F201F4</UIForeground><UIGlow>F201F5</UIGlow>盜龍脈輪<UIGlow>01</UIGlow><UIForeground>01</UIForeground>、<UIForeground>F201F4</UIForeground><UIGlow>F201F5</UIGlow>猛豹脈輪<UIGlow>01</UIGlow><UIForeground>01</UIForeground>以及<UIForeground>F201F4</UIForeground><UIGlow>F201F5</UIGlow>魔猿脈輪<UIGlow>01</UIGlow><UIForeground>01</UIForeground>，
發動特定戰技可獲得對應的脈輪。
附加三種相同的脈輪後，可以使用<UIForeground>F201F4</UIForeground><UIGlow>F201F5</UIGlow>蒼氣砲<UIGlow>01</UIGlow><UIForeground>01</UIForeground>技能。
附加三種不同的脈輪後，可以使用<UIForeground>F201F4</UIForeground><UIGlow>F201F5</UIGlow>爆裂腳<UIGlow>01</UIGlow><UIForeground>01</UIForeground>技能。

此外，使用蒼氣砲後將會附加<UIForeground>F201F4</UIForeground><UIGlow>F201F5</UIGlow>太陰鬥氣<UIGlow>01</UIGlow><UIForeground>01</UIForeground>，使用爆裂腳後將會附加<UIForeground>F201F4</UIForeground><UIGlow>F201F5</UIGlow>太陽鬥氣<UIGlow>01</UIGlow><UIForeground>01</UIForeground>，
在此基礎上不分種類再次附加三種脈輪，可以使用<UIForeground>F201F4</UIForeground><UIGlow>F201F5</UIGlow>鬥魂旋風腳<UIGlow>01</UIGlow><UIForeground>01</UIForeground>。"
98,"必殺技量譜/陰陽鬥氣"
99,"學會特性<UIForeground>F201F4</UIForeground><UIGlow>F201F5</UIGlow>必殺技效果提高<UIGlow>01</UIGlow><UIForeground>01</UIForeground>，量譜會顯示<UIForeground>F201F4</UIForeground><UIGlow>F201F5</UIGlow>陰陽鬥氣<UIGlow>01</UIGlow><UIForeground>01</UIForeground>的狀況。
發動必殺技天宙腳會附加<UIForeground>F201F4</UIForeground><UIGlow>F201F5</UIGlow>太陰鬥氣<UIGlow>01</UIGlow><UIForeground>01</UIForeground>，發動鳳凰之舞會附加<UIForeground>F201F4</UIForeground><UIGlow>F201F5</UIGlow>太陽鬥氣<UIGlow>01</UIGlow><UIForeground>01</UIForeground>，接著累積任意3層鬥魂即可發動最強的必殺技<UIForeground>F201F4</UIForeground><UIGlow>F201F5</UIGlow>夢幻鬥舞<UIGlow>01</UIGlow><UIForeground>01</UIForeground>。"
100,"奧秘量譜/小奧秘卡"
101,"學會<UIForeground>F201F4</UIForeground><UIGlow>F201F5</UIGlow>小奧秘卡<UIGlow>01</UIGlow><UIForeground>01</UIForeground>後，在使用小奧秘卡時將會在奧秘量譜顯示抽到的卡牌。"
102,"學會<UIForeground>F201F4</UIForeground><UIGlow>F201F5</UIGlow>乙太蓄能<UIGlow>01</UIGlow><UIForeground>01</UIForeground>技能後，畫面上會出現專用的<UIForeground>F201F4</UIForeground><UIGlow>F201F5</UIGlow>同調量譜<UIGlow>01</UIGlow><UIForeground>01</UIForeground>，以顯示乙太蓄能的剩餘持續時間。
使用乙太蓄能後將附加<UIForeground>F201F4</UIForeground><UIGlow>F201F5</UIGlow>紅寶石的奧秘<UIGlow>01</UIGlow><UIForeground>01</UIForeground>，通過消耗紅寶石的奧秘，可以使用<UIForeground>F201F4</UIForeground><UIGlow>F201F5</UIGlow>紅寶石召喚<UIGlow>01</UIGlow><UIForeground>01</UIForeground>來召喚出<UIForeground>F201F4</UIForeground><UIGlow>F201F5</UIGlow>紅寶石獸<UIGlow>01</UIGlow><UIForeground>01</UIForeground>。
此外在15級學會<UIForeground>F201F4</UIForeground><UIGlow>F201F5</UIGlow>乙太蓄能效果提高<UIGlow>01</UIGlow><UIForeground>01</UIForeground>特性後、在22級學會<UIForeground>F201F4</UIForeground><UIGlow>F201F5</UIGlow>乙太蓄能效果提高II<UIGlow>01</UIGlow><UIForeground>01</UIForeground>特性後，
可以分別附加<UIForeground>F201F4</UIForeground><UIGlow>F201F5</UIGlow>黃寶石的奧秘<UIGlow>01</UIGlow><UIForeground>01</UIForeground>和<UIForeground>F201F4</UIForeground><UIGlow>F201F5</UIGlow>綠寶石的奧秘<UIGlow>01</UIGlow><UIForeground>01</UIForeground>，
並能夠召喚出對應的召喚獸。"
103,"召喚出召喚獸後，將根據不同的召喚獸對自身附加不同的<UIForeground>F201F4</UIForeground><UIGlow>F201F5</UIGlow>乙太<UIGlow>01</UIGlow><UIForeground>01</UIForeground>
同調量譜上會顯示目前的乙太檔數以及剩餘時間。
技能<UIForeground>F201F4</UIForeground><UIGlow>F201F5</UIGlow>寶石耀<UIGlow>01</UIGlow><UIForeground>01</UIForeground>和26級學會的<UIForeground>F201F4</UIForeground><UIGlow>F201F5</UIGlow>寶石輝<UIGlow>01</UIGlow><UIForeground>01</UIForeground>的效果會根據附加乙太的不同而發生變化。"
104,"召喚出召喚獸後，將根據不同的召喚獸對自身附加不同的<UIForeground>F201F4</UIForeground><UIGlow>F201F5</UIGlow>乙太<UIGlow>01</UIGlow><UIForeground>01</UIForeground>
同調量譜上會顯示目前的乙太檔數以及剩餘時間。
技能<UIForeground>F201F4</UIForeground><UIGlow>F201F5</UIGlow>寶石耀<UIGlow>01</UIGlow><UIForeground>01</UIForeground>和<UIForeground>F201F4</UIForeground><UIGlow>F201F5</UIGlow>寶石輝<UIGlow>01</UIGlow><UIForeground>01</UIForeground>的效果會根據附加乙太的不同而發生變化。"
105,"學會<UIForeground>F201F4</UIForeground><UIGlow>F201F5</UIGlow>龍神召喚效果提高<UIGlow>01</UIGlow><UIForeground>01</UIForeground>特性後，使用<UIForeground>F201F4</UIForeground><UIGlow>F201F5</UIGlow>不死鳥召喚<UIGlow>01</UIGlow><UIForeground>01</UIForeground>技能便能召喚出<UIForeground>F201F4</UIForeground><UIGlow>F201F5</UIGlow>亞靈神不死鳥<UIGlow>01</UIGlow><UIForeground>01</UIForeground>。
在召喚亞靈神不死鳥後，<UIForeground>F201F4</UIForeground><UIGlow>F201F5</UIGlow>同調量譜<UIGlow>01</UIGlow><UIForeground>01</UIForeground>上會顯示亞靈神不死鳥的剩餘顯現時間。
使用<UIForeground>F201F4</UIForeground><UIGlow>F201F5</UIGlow>不死鳥召喚<UIGlow>01</UIGlow><UIForeground>01</UIForeground>技能，將會在<UIForeground>F201F4</UIForeground><UIGlow>F201F5</UIGlow>同調量譜<UIGlow>01</UIGlow><UIForeground>01</UIForeground>上附加<UIForeground>F201F4</UIForeground><UIGlow>F201F5</UIGlow>紅寶石的奧秘<UIGlow>01</UIGlow><UIForeground>01</UIForeground>、
<UIForeground>F201F4</UIForeground><UIGlow>F201F5</UIGlow>黃寶石的奧秘<UIGlow>01</UIGlow><UIForeground>01</UIForeground>、<UIForeground>F201F4</UIForeground><UIGlow>F201F5</UIGlow>綠寶石的奧秘<UIGlow>01</UIGlow><UIForeground>01</UIForeground>三種寶石。
此外不死鳥召喚狀態中，技能毀蕩將變化為<UIForeground>F201F4</UIForeground><UIGlow>F201F5</UIGlow>靈泉之炎<UIGlow>01</UIGlow><UIForeground>01</UIForeground>，技能三重災禍將變化成<UIForeground>F201F4</UIForeground><UIGlow>F201F5</UIGlow>煉獄之炎<UIGlow>01</UIGlow><UIForeground>01</UIForeground>，技能星極超流將變化成<UIForeground>F201F4</UIForeground><UIGlow>F201F5</UIGlow>甦生之炎<UIGlow>01</UIGlow><UIForeground>01</UIForeground>。"
106,"召喚出召喚獸後，將根據不同的召喚獸對自身附加不同的<UIForeground>F201F4</UIForeground><UIGlow>F201F5</UIGlow>乙太<UIGlow>01</UIGlow><UIForeground>01</UIForeground>
同調量譜上會顯示目前的乙太檔數以及剩餘時間。
技能<UIForeground>F201F4</UIForeground><UIGlow>F201F5</UIGlow>寶石耀<UIGlow>01</UIGlow><UIForeground>01</UIForeground>和<UIForeground>F201F4</UIForeground><UIGlow>F201F5</UIGlow>寶石輝<UIGlow>01</UIGlow><UIForeground>01</UIForeground>的效果會根據附加乙太的不同而發生變化。
86級學會<UIForeground>F201F4</UIForeground><UIGlow>F201F5</UIGlow>元素精通<UIGlow>01</UIGlow><UIForeground>01</UIForeground>特性後，<UIForeground>F201F4</UIForeground><UIGlow>F201F5</UIGlow>星極超流<UIGlow>01</UIGlow><UIForeground>01</UIForeground>會根據附加乙太的不同而發生變化。"
107,"尾聲量譜"
108,"學會<UIForeground>F201F4</UIForeground><UIGlow>F201F5</UIGlow>戰歌效果提高<UIGlow>01</UIGlow><UIForeground>01</UIForeground>特性後，畫面上會出現專用的<UIForeground>F201F4</UIForeground><UIGlow>F201F5</UIGlow>尾聲量譜<UIGlow>01</UIGlow><UIForeground>01</UIForeground>。
尾聲標識共有三種，分別為<UIForeground>F201F4</UIForeground><UIGlow>F201F5</UIGlow>賢人的尾聲<UIGlow>01</UIGlow><UIForeground>01</UIForeground>、<UIForeground>F201F4</UIForeground><UIGlow>F201F5</UIGlow>軍神的尾聲<UIGlow>01</UIGlow><UIForeground>01</UIForeground>、<UIForeground>F201F4</UIForeground><UIGlow>F201F5</UIGlow>放浪神的尾聲<UIGlow>01</UIGlow><UIForeground>01</UIForeground>，
可以通過使用賢者的敘事謠、軍神的讚美歌、放浪神的小步舞曲以上三個技能附加。
當尾聲標識處於一檔以上時可以使用<UIForeground>F201F4</UIForeground><UIGlow>F201F5</UIGlow>光明神的最終樂章<UIGlow>01</UIGlow><UIForeground>01</UIForeground>技能。"
109,"學會<UIForeground>F201F4</UIForeground><UIGlow>F201F5</UIGlow>極性精通V<UIGlow>01</UIGlow><UIForeground>01</UIForeground>特性後，畫面上會出現專用的<UIForeground>F201F4</UIForeground><UIGlow>F201F5</UIGlow>悖論量譜<UIGlow>01</UIGlow><UIForeground>01</UIForeground>。
自身<UIForeground>F201F4</UIForeground><UIGlow>F201F5</UIGlow>星極火<UIGlow>01</UIGlow><UIForeground>01</UIForeground>或<UIForeground>F201F4</UIForeground><UIGlow>F201F5</UIGlow>靈極冰<UIGlow>01</UIGlow><UIForeground>01</UIForeground>與<UIForeground>F201F4</UIForeground><UIGlow>F201F5</UIGlow>靈極心<UIGlow>01</UIGlow><UIForeground>01</UIForeground>最大檔數時，
將自身的狀態轉變為相反的屬性，量譜左側的悖論水晶就會點亮，
此時可以使用<UIForeground>F201F4</UIForeground><UIGlow>F201F5</UIGlow>悖論<UIGlow>01</UIGlow><UIForeground>01</UIForeground>技能。"
110,"學會<UIForeground>F201F4</UIForeground><UIGlow>F201F5</UIGlow>晶壤裝填效果提高<UIGlow>01</UIGlow><UIForeground>01</UIForeground>特性後，晶壤的最大檔數將變成三擋。
當<UIForeground>F201F4</UIForeground><UIGlow>F201F5</UIGlow>迅連斬<UIGlow>01</UIGlow><UIForeground>01</UIForeground>和40級學會的<UIForeground>F201F4</UIForeground><UIGlow>F201F5</UIGlow>惡魔殺<UIGlow>01</UIGlow><UIForeground>01</UIForeground>連擊成功時可以獲得一檔晶壤，發動<UIForeground>F201F4</UIForeground><UIGlow>F201F5</UIGlow>爆發擊<UIGlow>01</UIGlow><UIForeground>01</UIForeground>或60級學會的<UIForeground>F201F4</UIForeground><UIGlow>F201F5</UIGlow>烈牙<UIGlow>01</UIGlow><UIForeground>01</UIForeground>技能時需要消耗一檔晶壤。"
111,"學會<UIForeground>F201F4</UIForeground><UIGlow>F201F5</UIGlow>靈魂<UIGlow>01</UIGlow><UIForeground>01</UIForeground>特性後，畫面上會出現專用的<UIForeground>F201F4</UIForeground><UIGlow>F201F5</UIGlow>靈魂量譜<UIGlow>01</UIGlow><UIForeground>01</UIForeground>，以顯示當前<UIForeground>F201F4</UIForeground><UIGlow>F201F5</UIGlow>靈魂<UIGlow>01</UIGlow><UIForeground>01</UIForeground>的具體量值。
使用<UIForeground>F201F4</UIForeground><UIGlow>F201F5</UIGlow>死亡之影<UIGlow>01</UIGlow><UIForeground>01</UIForeground>會對目標附加<UIForeground>F201F4</UIForeground><UIGlow>F201F5</UIGlow>死亡烙印<UIGlow>01</UIGlow><UIForeground>01</UIForeground>，在該效果時間內擊倒目標可以積累靈魂。
另外，使用其他特定戰技也會積累靈魂。
通過消耗靈魂可以使用<UIForeground>F201F4</UIForeground><UIGlow>F201F5</UIGlow>隱匿揮割<UIGlow>01</UIGlow><UIForeground>01</UIForeground>和55級學會的<UIForeground>F201F4</UIForeground><UIGlow>F201F5</UIGlow>束縛揮割<UIGlow>01</UIGlow><UIForeground>01</UIForeground>
以及76級學會的<UIForeground>F201F4</UIForeground><UIGlow>F201F5</UIGlow>暴食<UIGlow>01</UIGlow><UIForeground>01</UIForeground>等技能。"
112,"學會<UIForeground>F201F4</UIForeground><UIGlow>F201F5</UIGlow>魂衣<UIGlow>01</UIGlow><UIForeground>01</UIForeground>特性後，畫面上會出現專用的<UIForeground>F201F4</UIForeground><UIGlow>F201F5</UIGlow>魂衣量譜<UIGlow>01</UIGlow><UIForeground>01</UIForeground>和<UIForeground>F201F4</UIForeground><UIGlow>F201F5</UIGlow>夜遊魂量譜<UIGlow>01</UIGlow><UIForeground>01</UIForeground>。
魂衣量譜用於顯示當前<UIForeground>F201F4</UIForeground><UIGlow>F201F5</UIGlow>魂衣<UIGlow>01</UIGlow><UIForeground>01</UIForeground>的具體量值，
當使用特定戰技時，將會積累魂衣量值。
通過消耗魂衣量值可以使用<UIForeground>F201F4</UIForeground><UIGlow>F201F5</UIGlow>夜遊魂衣<UIGlow>01</UIGlow><UIForeground>01</UIForeground>技能。"
113,"夜遊魂量譜上會顯示出夜遊魂狀態的持續時間以及夜遊魂的量值。
通過消耗夜遊魂，可以使用<UIForeground>F201F4</UIForeground><UIGlow>F201F5</UIGlow>虛無收割<UIGlow>01</UIGlow><UIForeground>01</UIForeground>和90級學會的<UIForeground>F201F4</UIForeground><UIGlow>F201F5</UIGlow>團契<UIGlow>01</UIGlow><UIForeground>01</UIForeground>等技能。"
114,"學會<UIForeground>F201F4</UIForeground><UIGlow>F201F5</UIGlow>夜遊魂衣效果提高<UIGlow>01</UIGlow><UIForeground>01</UIForeground>特性後，
當消耗夜遊魂時，將會附加<UIForeground>F201F4</UIForeground><UIGlow>F201F5</UIGlow>虛無魂<UIGlow>01</UIGlow><UIForeground>01</UIForeground>。
通過消耗虛無魂可以使用<UIForeground>F201F4</UIForeground><UIGlow>F201F5</UIGlow>夜遊魂切割<UIGlow>01</UIGlow><UIForeground>01</UIForeground>和<UIForeground>F201F4</UIForeground><UIGlow>F201F5</UIGlow>夜遊魂釤割<UIGlow>01</UIGlow><UIForeground>01</UIForeground>技能。"
115,"靈魂量譜"
116,"靈魂量譜/魂衣量譜·夜遊魂量譜"
117,"均衡量譜"
118,"蛇膽量譜"
119,"學會<UIForeground>F201F4</UIForeground><UIGlow>F201F5</UIGlow>均衡<UIGlow>01</UIGlow><UIForeground>01</UIForeground>技能後，畫面上會出現專用的<UIForeground>F201F4</UIForeground><UIGlow>F201F5</UIGlow>均衡量譜<UIGlow>01</UIGlow><UIForeground>01</UIForeground>。
當使用均衡後，<UIForeground>F201F4</UIForeground><UIGlow>F201F5</UIGlow>注藥<UIGlow>01</UIGlow><UIForeground>01</UIForeground>、
<UIForeground>F201F4</UIForeground><UIGlow>F201F5</UIGlow>診斷<UIGlow>01</UIGlow><UIForeground>01</UIForeground>、<UIForeground>F201F4</UIForeground><UIGlow>F201F5</UIGlow>預後<UIGlow>01</UIGlow><UIForeground>01</UIForeground>的效果會發生改變。"
120,"學會<UIForeground>F201F4</UIForeground><UIGlow>F201F5</UIGlow>蛇膽<UIGlow>01</UIGlow><UIForeground>01</UIForeground>特性後，畫面上會出現專用的<UIForeground>F201F4</UIForeground><UIGlow>F201F5</UIGlow>蛇膽量譜<UIGlow>01</UIGlow><UIForeground>01</UIForeground>以顯示當前蛇膽的數量。
蛇膽會在經過一定時間後自動附加。
通過消耗蛇膽可以使用<UIForeground>F201F4</UIForeground><UIGlow>F201F5</UIGlow>靈橡清汁<UIGlow>01</UIGlow><UIForeground>01</UIForeground>和50級學會的<UIForeground>F201F4</UIForeground><UIGlow>F201F5</UIGlow>堅角清汁<UIGlow>01</UIGlow><UIForeground>01</UIForeground>等技能。"
121,"學會<UIForeground>F201F4</UIForeground><UIGlow>F201F5</UIGlow>蛇刺<UIGlow>01</UIGlow><UIForeground>01</UIForeground>特性後，蛇膽量譜上會顯示<UIForeground>F201F4</UIForeground><UIGlow>F201F5</UIGlow>蛇刺<UIGlow>01</UIGlow><UIForeground>01</UIForeground>的檔數。
當使用<UIForeground>F201F4</UIForeground><UIGlow>F201F5</UIGlow>均衡診斷<UIGlow>01</UIGlow><UIForeground>01</UIForeground>對目標附加的護盾因吸收傷害而消失，
或使用<UIForeground>F201F4</UIForeground><UIGlow>F201F5</UIGlow>均衡預後<UIGlow>01</UIGlow><UIForeground>01</UIForeground>對自身附加的護盾因吸收傷害而消失時，可獲得一檔蛇刺。
通過消耗蛇刺可以使用<UIForeground>F201F4</UIForeground><UIGlow>F201F5</UIGlow>箭毒<UIGlow>01</UIGlow><UIForeground>01</UIForeground>或82級學會的<UIForeground>F201F4</UIForeground><UIGlow>F201F5</UIGlow>箭毒II<UIGlow>01</UIGlow><UIForeground>01</UIForeground>技能。"
122,"バランスゲージ/マナスタックシンボル"
123,"學會<UIForeground>F201F4</UIForeground><UIGlow>F201F5</UIGlow>魔法劍效果提高<UIGlow>01</UIGlow><UIForeground>01</UIForeground>特性後，畫面上會出現專用的<UIForeground>F201F4</UIForeground><UIGlow>F201F5</UIGlow>魔元集量譜<UIGlow>01</UIGlow><UIForeground>01</UIForeground>。
魔元可以通過使用<UIForeground>F201F4</UIForeground><UIGlow>F201F5</UIGlow>魔回刺<UIGlow>01</UIGlow><UIForeground>01</UIForeground>、<UIForeground>F201F4</UIForeground><UIGlow>F201F5</UIGlow>魔交擊斬<UIGlow>01</UIGlow><UIForeground>01</UIForeground>、
<UIForeground>F201F4</UIForeground><UIGlow>F201F5</UIGlow>魔連攻<UIGlow>01</UIGlow><UIForeground>01</UIForeground>、<UIForeground>F201F4</UIForeground><UIGlow>F201F5</UIGlow>魔劃圓斬<UIGlow>01</UIGlow><UIForeground>01</UIForeground>技能積累。
當魔元積累到最大值時，可以使用<UIForeground>F201F4</UIForeground><UIGlow>F201F5</UIGlow>赤核爆<UIGlow>01</UIGlow><UIForeground>01</UIForeground>和70級學會的<UIForeground>F201F4</UIForeground><UIGlow>F201F5</UIGlow>赤神聖<UIGlow>01</UIGlow><UIForeground>01</UIForeground>。
使用魔法類技能將會消耗魔元。"
124,"夜遊魂量譜上會顯示出夜遊魂狀態的持續時間以及夜遊魂的量值。
通過消耗夜遊魂，可以使用<UIForeground>F201F4</UIForeground><UIGlow>F201F5</UIGlow>虛無收割<UIGlow>01</UIGlow><UIForeground>01</UIForeground>和90級學會的<UIForeground>F201F4</UIForeground><UIGlow>F201F5</UIGlow>團契<UIGlow>01</UIGlow><UIForeground>01</UIForeground>等技能。"
125,""
126,""
127,""
128,""
129,""
130,""
131,""
132,""
133,""
134,""
135,""
136,""
137,""
138,""
139,""
140,""
141,""
142,""
143,""
144,""
145,""
146,""
147,""
148,""
149,""
150,""
